CAZy,11Lt.76,11Lt.300,11Lt.SR,11Lt.Canu,11Lt.PurgeHap,75Lt.76,75Lt.300,75Lt.SR,10Lt.76,10Lt.300,10Lt.SR,36Lt.76,36Lt.300,36Lt.SR,36Lt.Canu,36Lt.PurgeHap
CE8,0,0,0,0,0,0,0,0,0,0,1,0,0,0,0,0
GH15+CBM20,0,0,0,0,1,0,0,0,0,0,0,0,0,0,0,0
GH3+GH3+GH3,0,0,0,0,1,0,0,0,0,0,0,0,0,0,0,0
GH37+CE10,0,0,0,1,0,0,0,0,0,0,0,0,0,0,0,0
GH47+GH47,0,0,0,1,0,0,0,0,0,0,0,0,0,0,0,0
GT1+GT1,0,0,0,0,0,0,0,1,0,0,0,0,0,0,0,0
GT15+GT15+GT15,0,0,0,0,0,1,0,0,0,0,0,0,0,0,0,0
GT22+GT22,0,0,1,0,0,0,0,0,0,0,0,0,0,0,0,0
GT28,0,0,0,0,0,1,0,0,0,0,0,0,0,0,0,0
CE10+CE10,0,1,1,0,0,0,0,0,0,0,0,0,0,0,0,0
GH128+GH128,0,1,1,0,0,0,0,0,0,0,0,0,0,0,0,0
GH31+GH31,0,0,0,0,0,0,0,0,0,1,1,0,0,0,0,0
GH5+GT58,1,0,0,1,0,0,0,0,0,0,0,0,0,0,0,0
GH79+GH79,0,1,1,0,0,0,0,0,0,0,0,0,0,0,0,0
GH88,0,0,0,1,1,0,0,0,0,0,0,0,0,0,0,0
GH95,0,0,0,1,1,0,0,0,0,0,0,0,0,0,0,0
GT3,0,0,0,0,0,0,0,0,0,1,1,0,0,0,0,0
GT3+GT3,0,1,1,0,0,0,0,0,0,0,0,0,0,0,0,0
GT32,0,0,0,0,0,0,0,0,1,1,0,0,0,0,0,0
GT48,0,1,1,0,0,0,0,0,0,0,0,0,0,0,0,0
PL35,0,0,0,1,1,0,0,0,0,0,0,0,0,0,0,0
AA3+AA3,0,0,0,1,1,1,0,0,0,0,0,0,0,0,0,0
CBM52,0,0,0,1,1,0,0,0,1,0,0,0,0,0,0,0
CBM52+CBM52,0,0,0,1,1,0,0,0,1,0,0,0,0,0,0,0
GT24,0,0,0,0,0,0,1,1,0,0,1,0,0,0,0,0
GT39+GT39,0,0,0,1,1,0,0,1,0,0,0,0,0,0,0,0
GT48+GT48,0,0,0,0,0,0,2,1,0,0,0,0,0,0,0,0
CBM20,0,1,1,1,1,0,0,0,0,0,0,0,0,0,0,0
GH24,1,0,0,0,1,0,1,1,0,0,0,0,0,0,0,0
GH3+GH3,1,1,0,1,1,0,0,0,0,0,0,0,0,0,0,0
GH55,0,0,0,1,1,0,0,0,1,1,0,0,0,0,0,0
GH9,0,1,1,1,1,0,0,0,0,0,0,0,0,0,0,0
GT17,0,0,0,0,0,0,2,2,0,0,0,0,0,0,0,0
GT21,0,0,0,1,1,0,0,0,0,1,1,0,0,0,0,0
GT33,0,1,1,0,1,0,0,0,1,0,0,0,0,0,0,0
GT50,0,0,0,1,1,0,1,1,0,0,0,0,0,0,0,0
CE5,1,0,2,1,1,0,0,0,0,0,0,0,0,0,0,0
GH28,0,0,0,0,0,0,0,0,0,2,3,0,0,0,0,0
GH5+GH5,0,0,0,2,1,0,1,0,0,1,0,0,0,0,0,0
GT20+GT20,0,0,0,1,1,0,1,1,0,1,0,0,0,0,0,0
GT48+GH152,1,1,1,0,0,0,0,0,0,1,1,0,0,0,0,0
GH131,0,0,0,2,2,0,0,0,0,1,1,0,0,0,0,0
GH154,0,1,1,1,1,0,1,1,0,0,0,0,0,0,0,0
GH37,0,1,1,1,1,0,1,1,0,0,0,0,0,0,0,0
GH38,1,1,1,0,1,0,0,0,1,1,0,0,0,0,0,0
GH76,0,0,0,2,2,0,0,0,0,1,1,0,0,0,0,0
GH85,0,1,1,1,1,0,1,1,0,0,0,0,0,0,0,0
GT35,0,1,1,1,1,0,0,0,0,1,1,0,0,0,0,0
GT76,0,1,1,1,1,0,1,1,0,0,0,0,0,0,0,0
CBM21,1,1,1,0,0,0,1,2,0,1,0,0,0,0,0,0
GH152,0,0,0,1,1,1,0,2,0,1,1,0,0,0,0,0
GH2,1,0,0,2,2,1,0,0,0,1,0,0,0,0,0,0
GT66,0,1,1,1,1,0,0,1,0,1,1,0,0,0,0,0
GH25,0,1,1,1,1,0,1,1,0,0,0,0,0,0,1,1
GT1,0,0,0,3,3,0,1,1,0,0,0,0,0,0,0,0
GT57,0,0,0,2,2,0,0,0,0,0,0,0,1,1,1,1
GH3,0,0,1,0,1,0,3,3,0,0,1,0,0,0,0,0
GH35,0,2,2,2,2,0,0,0,0,0,1,0,0,0,0,0
AA6,0,1,1,2,2,0,1,1,0,1,1,0,0,0,0,0
GH15,0,0,0,0,1,0,3,3,0,1,2,0,0,0,0,0
GH20,0,1,1,1,1,0,2,1,0,1,2,0,0,0,0,0
GT2_Cs+GT2_Cs,1,0,0,2,2,0,1,2,0,1,1,0,0,0,0,0
GT69,0,0,1,2,2,0,1,1,2,1,0,0,0,0,0,0
GH17,0,0,1,1,1,2,0,1,0,2,3,0,0,0,0,0
GH63,0,1,1,3,3,0,0,1,2,0,0,0,0,0,0,0
AA2,0,0,0,2,2,0,3,3,0,1,1,0,0,0,0,0
GH92,0,1,1,2,2,0,1,1,0,2,2,0,0,0,0,0
GH71,0,1,1,3,3,0,2,2,0,0,1,0,0,0,0,0
GT15+GT15,0,1,1,5,5,1,0,0,0,0,0,0,0,0,0,0
GT4,0,1,1,3,3,0,3,3,0,0,0,0,0,0,0,0
AA9,0,1,1,3,4,0,1,3,0,1,1,0,0,0,0,0
CE4,0,0,0,6,6,1,0,1,0,1,1,0,0,0,0,0
GH12,0,2,2,4,4,0,1,1,0,1,1,0,0,0,0,0
PL14,0,0,0,2,2,0,2,2,0,3,5,0,0,0,0,0
AA14,0,2,2,5,5,0,0,1,0,1,1,0,0,0,0,0
CBM13,0,3,3,2,2,0,0,1,0,3,4,0,0,0,0,0
CE16,0,1,1,3,4,0,3,4,0,1,1,0,0,0,0,0
GH30,0,2,2,4,4,0,1,2,0,2,2,0,0,0,0,0
GT15,0,1,1,7,8,0,1,1,0,0,1,0,0,0,0,0
GT20,0,2,2,2,2,0,4,4,0,1,3,0,0,0,0,0
GT8,0,2,2,5,5,0,0,1,0,2,2,0,0,0,1,1
AA7,0,0,0,5,7,0,1,1,0,6,6,0,0,0,0,0
GH31,0,6,5,5,5,0,1,1,1,0,2,0,0,0,0,0
GT39,0,4,4,3,3,0,4,4,0,1,3,0,0,0,0,0
AA5,0,2,3,8,9,0,1,3,0,0,1,0,0,0,0,0
GH128,0,2,2,6,6,0,3,2,0,1,2,0,1,1,1,1
GH72,0,2,2,7,7,1,0,0,0,0,2,0,2,2,2,2
GT22,0,2,2,5,5,0,2,2,0,5,6,0,0,0,0,0
GH79,0,4,3,8,8,0,2,4,0,3,2,0,0,0,0,0
GT90,0,2,4,9,8,0,3,4,0,4,3,0,0,0,0,0
AA3,0,4,6,8,9,0,4,5,0,2,3,0,0,0,0,0
GH105,0,5,5,7,7,0,4,3,0,3,5,0,1,1,1,1
GT2_Gt,0,3,4,7,7,0,6,7,0,4,5,0,0,0,0,0
GH18,0,2,2,9,9,0,5,6,0,4,7,0,0,0,0,0
GH13,0,5,5,8,8,0,5,6,0,2,4,0,1,1,1,1
AA1,0,3,3,14,14,0,4,5,0,0,3,1,1,1,1,0
GH16,0,5,5,12,12,0,3,4,0,4,5,1,1,1,1,0
GT2_Cs,0,5,5,13,13,0,5,8,0,5,4,0,0,0,0,0
GH5,1,0,2,17,18,0,6,12,0,4,6,0,0,0,0,0
GH47,0,9,10,11,11,0,7,6,0,2,8,0,2,2,3,3
CE10,0,7,9,20,22,0,3,6,0,6,9,0,1,1,2,2