#contig,contig_reassign,bases_hap_dip,bases_low_high,bases_all,perc_low_coverage,perc_hap_coverage,perc_dip_coverage,perc_high_coverage
scaffold100|size362872|pilon|pilon|pilon,,355864,7061,362925,1.946,0.385,97.669,0.000
scaffold101|size234273|pilon|pilon|pilon,,233486,839,234325,0.358,1.340,98.302,0.000
scaffold102|size317085|pilon|pilon|pilon,,317063,140,317203,0.044,0.919,99.037,0.000
scaffold103|size233355|pilon|pilon|pilon,,229457,3983,233440,1.706,1.269,97.025,0.000
scaffold104|size233198|pilon|pilon|pilon,,233233,0,233233,0.000,0.000,100.000,0.000
scaffold105|size232113|pilon|pilon|pilon,,231880,234,232114,0.101,0.329,99.570,0.000
scaffold106|size231168|pilon|pilon|pilon,,231173,14,231187,0.006,0.648,99.346,0.000
scaffold107|size231138|pilon|pilon|pilon,,231162,13,231175,0.006,0.172,99.822,0.000
scaffold108|size437298|pilon|pilon|pilon,,437102,305,437407,0.000,0.027,99.904,0.070
scaffold109|size460023|pilon|pilon|pilon,,456278,3896,460174,0.847,0.086,99.068,0.000
scaffold10|size610857|pilon|pilon|pilon,,588813,18344,607157,0.006,0.477,96.502,3.015
scaffold110|size402519|pilon|pilon|pilon,,385621,17066,402687,1.058,0.089,95.673,3.180
scaffold111|size226991|pilon|pilon|pilon,,218285,8778,227063,3.866,0.097,96.037,0.000
scaffold112|size225953|pilon|pilon|pilon,,226200,0,226200,0.000,0.000,100.000,0.000
scaffold113|size224999|pilon|pilon|pilon,,225030,0,225030,0.000,0.718,99.282,0.000
scaffold114|size224952|pilon|pilon|pilon,,224450,573,225023,0.255,0.978,98.767,0.000
scaffold115|size224143|pilon|pilon|pilon,,223421,786,224207,0.351,0.452,99.198,0.000
scaffold116|size221835|pilon|pilon|pilon,,221939,0,221939,0.000,0.062,99.938,0.000
scaffold117|size221459|pilon|pilon|pilon,,221500,0,221500,0.000,0.000,100.000,0.000
scaffold118|size249118|pilon|pilon|pilon,,248433,772,249205,0.310,0.168,99.522,0.000
scaffold119|size220890|pilon|pilon|pilon,,220924,0,220924,0.000,0.001,99.999,0.000
scaffold11|size605209|pilon|pilon|pilon,,599685,5535,605220,0.094,0.049,99.037,0.821
scaffold120|size258109|pilon|pilon|pilon,,253601,4603,258204,1.783,0.067,98.150,0.000
scaffold121|size266452|pilon|pilon|pilon,,263494,2650,266144,0.996,0.002,99.003,0.000
scaffold122|size251664|pilon|pilon|pilon,,245713,5987,251700,2.166,0.028,97.593,0.212
scaffold123|size507914|pilon|pilon|pilon,,506347,1862,508209,0.366,0.367,99.266,0.000
scaffold124|size215195|pilon|pilon|pilon,,215276,0,215276,0.000,0.000,100.000,0.000
scaffold125|size336411|pilon|pilon|pilon,,336555,5,336560,0.001,0.182,99.816,0.000
scaffold126|size260468|pilon|pilon|pilon,,251715,8545,260260,2.819,0.199,96.518,0.464
scaffold127|size212191|pilon|pilon|pilon,,210554,1632,212186,0.000,0.000,99.230,0.769
scaffold128|size212157|pilon|pilon|pilon,,212226,0,212226,0.000,0.000,100.000,0.000
scaffold129|size212043|pilon|pilon|pilon,,197314,14837,212151,0.037,0.301,92.706,6.956
scaffold12|size598331|pilon|pilon|pilon,,597882,381,598263,0.064,0.269,99.667,0.000
scaffold130|size210060|pilon|pilon|pilon,,210091,0,210091,0.000,0.005,99.995,0.000
scaffold131|size262413|pilon|pilon|pilon,,261908,6,261914,0.002,0.383,99.615,0.000
scaffold132|size320635|pilon|pilon|pilon,,317558,3172,320730,0.989,0.043,98.968,0.000
scaffold133|size205237|pilon|pilon|pilon,,205445,0,205445,0.000,0.455,99.545,0.000
scaffold134|size204887|pilon|pilon|pilon,,202397,2578,204975,0.017,1.733,97.009,1.241
scaffold135|size201384|pilon|pilon|pilon,,192216,9040,201256,0.001,0.470,95.038,4.491
scaffold136|size200813|pilon|pilon|pilon,,195224,5715,200939,2.218,2.656,94.500,0.626
scaffold137|size199908|pilon|pilon|pilon,,199962,0,199962,0.000,0.004,99.996,0.000
scaffold138|size199405|pilon|pilon|pilon,,198514,942,199456,0.472,0.828,98.700,0.000
scaffold139|size198043|pilon|pilon|pilon,,195679,2390,198069,0.017,0.558,98.235,1.189
scaffold13|size607142|pilon|pilon|pilon,,605131,2088,607219,0.129,0.476,99.180,0.215
scaffold140|size196023|pilon|pilon|pilon,,196012,42,196054,0.021,0.521,99.458,0.000
scaffold141|size400359|pilon|pilon|pilon,,396381,4075,400456,0.928,1.282,97.701,0.090
scaffold142|size195172|pilon|pilon|pilon,,193248,969,194217,0.499,0.810,98.691,0.000
scaffold143|size387205|pilon|pilon|pilon,,386976,648,387624,0.167,0.001,99.832,0.000
scaffold144|size194715|pilon|pilon|pilon,,193170,1431,194601,0.007,1.217,98.048,0.729
scaffold145|size217690|pilon|pilon|pilon,,215951,1847,217798,0.848,0.528,98.624,0.000
scaffold146|size291459|pilon|pilon|pilon,,284239,7295,291534,0.847,0.000,97.498,1.655
scaffold147|size221930|pilon|pilon|pilon,,217490,4488,221978,2.022,1.574,96.405,0.000
scaffold148|size242202|pilon|pilon|pilon,,240244,2242,242486,0.925,1.095,97.981,0.000
scaffold149|size185051|pilon|pilon|pilon,,181988,3146,185134,1.699,0.690,97.610,0.000
scaffold14|size793017|pilon|pilon|pilon,,780176,13424,793600,0.676,0.000,98.308,1.016
scaffold150|size257533|pilon|pilon|pilon,,257088,502,257590,0.195,0.012,99.793,0.000
scaffold151|size183424|pilon|pilon|pilon,,182101,1381,183482,0.753,1.457,97.790,0.000
scaffold152|size182903|pilon|pilon|pilon,,182014,904,182918,0.012,0.057,99.448,0.482
scaffold153|size181743|pilon|pilon|pilon,,173330,8201,181531,0.000,0.062,95.420,4.518
scaffold154|size396829|pilon|pilon|pilon,,390701,6270,396971,0.277,0.001,98.420,1.302
scaffold155|size253168|pilon|pilon|pilon,,250444,2791,253235,1.102,1.986,96.912,0.000
scaffold156|size181326|pilon|pilon|pilon,,179497,1849,181346,1.020,0.668,98.312,0.000
scaffold157|size180823|pilon|pilon|pilon,,177568,1,177569,0.001,0.532,99.468,0.000
scaffold158|size180791|pilon|pilon|pilon,,180826,5,180831,0.003,0.416,99.581,0.000
scaffold159|size178888|pilon|pilon|pilon,,178909,0,178909,0.000,0.000,100.000,0.000
scaffold15|size700601|pilon|pilon|pilon,,695477,5351,700828,0.447,0.557,98.680,0.317
scaffold160|size178113|pilon|pilon|pilon,,178096,32,178128,0.018,1.859,98.123,0.000
scaffold161|size176691|pilon|pilon|pilon,,176724,10,176734,0.006,0.522,99.472,0.000
scaffold162|size314378|pilon|pilon|pilon,,309244,5163,314407,1.642,0.201,98.157,0.000
scaffold163|size174257|pilon|pilon|pilon,,174314,0,174314,0.000,0.830,99.170,0.000
scaffold164|size172812|pilon|pilon|pilon,,172841,0,172841,0.000,0.539,99.461,0.000
scaffold165|size171985|pilon|pilon|pilon,,168623,3462,172085,0.003,0.754,97.234,2.009
scaffold166|size270642|pilon|pilon|pilon,,269764,935,270699,0.345,0.004,99.651,0.000
scaffold167|size264367|pilon|pilon|pilon,,258252,6175,264427,2.335,1.505,96.160,0.000
scaffold168|size170928|pilon|pilon|pilon,,170986,0,170986,0.000,0.002,99.998,0.000
scaffold169|size170559|pilon|pilon|pilon,,170557,24,170581,0.014,1.037,98.949,0.000
scaffold16|size679563|pilon|pilon|pilon,,676994,2785,679779,0.410,0.869,98.721,0.000
scaffold170|size168933|pilon|pilon|pilon,,167058,134,167192,0.080,0.950,98.970,0.000
scaffold171|size301621|pilon|pilon|pilon,,301522,3,301525,0.001,0.043,99.956,0.000
scaffold172|size165477|pilon|pilon|pilon,,165513,0,165513,0.000,0.003,99.997,0.000
scaffold173|size165078|pilon|pilon|pilon,,164630,805,165435,0.487,1.043,98.471,0.000
scaffold174|size163700|pilon|pilon|pilon,,163654,143,163797,0.000,0.508,99.405,0.087
scaffold175|size162998|pilon|pilon|pilon,,162323,221,162544,0.136,2.158,97.706,0.000
scaffold176|size161784|pilon|pilon|pilon,,161765,48,161813,0.030,2.450,97.520,0.000
scaffold177|size160097|pilon|pilon|pilon,,159662,215,159877,0.134,3.374,96.491,0.000
scaffold178|size379943|pilon|pilon|pilon,,379064,1020,380084,0.268,0.000,99.732,0.000
scaffold179|size158927|pilon|pilon|pilon,,157593,1345,158938,0.003,0.111,99.042,0.843
scaffold17|size541183|pilon|pilon|pilon,,537227,2843,540070,0.050,0.444,99.029,0.476
scaffold180|size319720|pilon|pilon|pilon,,315445,4395,319840,1.374,0.033,98.593,0.000
scaffold181|size264985|pilon|pilon|pilon,,263420,1597,265017,0.603,0.298,99.099,0.000
scaffold182|size155885|pilon|pilon|pilon,,155819,155,155974,0.099,0.646,99.255,0.000
scaffold183|size155880|pilon|pilon|pilon,,155313,661,155974,0.001,0.474,99.102,0.423
scaffold184|size195796|pilon|pilon|pilon,,191471,4358,195829,2.225,1.104,96.671,0.000
scaffold185|size221861|pilon|pilon|pilon,,221158,681,221839,0.307,0.259,99.434,0.000
scaffold186|size194085|pilon|pilon|pilon,,192813,1288,194101,0.664,0.833,98.503,0.000
scaffold187|size223706|pilon|pilon|pilon,,222238,1503,223741,0.672,1.189,98.139,0.000
scaffold188|size153720|pilon|pilon|pilon,,153755,0,153755,0.000,0.000,100.000,0.000
scaffold189|size207620|pilon|pilon|pilon,,205884,1836,207720,0.884,0.647,98.469,0.000
scaffold18|size683301|pilon|pilon|pilon,,679432,3947,683379,0.578,0.024,99.398,0.000
scaffold190|size208409|pilon|pilon|pilon,,199126,9347,208473,1.995,0.069,95.447,2.489
scaffold191|size182003|pilon|pilon|pilon,,182071,1,182072,0.001,0.005,99.995,0.000
scaffold192|size232432|pilon|pilon|pilon,,231814,641,232455,0.276,0.001,99.723,0.000
scaffold193|size150190|pilon|pilon|pilon,,150010,188,150198,0.125,3.584,96.291,0.000
scaffold194|size150033|pilon|pilon|pilon,,149951,0,149951,0.000,0.015,99.985,0.000
scaffold195|size149766|pilon|pilon|pilon,,149796,1,149797,0.001,0.014,99.985,0.000
scaffold196|size149376|pilon|pilon|pilon,,149410,0,149410,0.000,0.000,100.000,0.000
scaffold197|size145820|pilon|pilon|pilon,,144152,1711,145863,1.173,2.613,96.214,0.000
scaffold198|size298644|pilon|pilon|pilon,,292617,6163,298780,2.063,0.013,97.924,0.000
scaffold199|size144453|pilon|pilon|pilon,,144597,0,144597,0.000,0.015,99.985,0.000
scaffold19|size522466|pilon|pilon|pilon,,522566,0,522566,0.000,0.098,99.902,0.000
scaffold1|size917151|pilon|pilon|pilon,,917287,5,917292,0.001,0.115,99.884,0.000
scaffold200|size144013|pilon|pilon|pilon,,144034,3,144037,0.002,1.718,98.280,0.000
scaffold201|size143921|pilon|pilon|pilon,,142038,1425,143463,0.993,1.737,97.270,0.000
scaffold202|size143305|pilon|pilon|pilon,,143142,23,143165,0.016,0.226,99.758,0.000
scaffold203|size143296|pilon|pilon|pilon,,140188,1494,141682,0.000,0.000,98.946,1.054
scaffold204|size143092|pilon|pilon|pilon,,143114,0,143114,0.000,0.000,100.000,0.000
scaffold205|size142522|pilon|pilon|pilon,,142546,0,142546,0.000,0.000,100.000,0.000
scaffold206|size249831|pilon|pilon|pilon,,247487,1993,249480,0.799,0.000,99.201,0.000
scaffold207|size353643|pilon|pilon|pilon,,354145,0,354145,0.000,0.101,99.899,0.000
scaffold208|size265953|pilon|pilon|pilon,,265199,815,266014,0.306,0.440,99.253,0.000
scaffold209|size140228|pilon|pilon|pilon,,140279,0,140279,0.000,0.000,100.000,0.000
scaffold20|size510695|pilon|pilon|pilon,,509683,1107,510790,0.000,0.246,99.538,0.217
scaffold210|size203930|pilon|pilon|pilon,,203779,144,203923,0.071,1.021,98.908,0.000
scaffold211|size275745|pilon|pilon|pilon,,274016,1791,275807,0.219,0.287,99.064,0.430
scaffold212|size340389|pilon|pilon|pilon,,330718,7426,338144,1.723,0.316,97.488,0.473
scaffold213|size137771|pilon|pilon|pilon,,134028,3753,137781,2.724,1.536,95.740,0.000
scaffold214|size137125|pilon|pilon|pilon,,136056,1103,137159,0.000,0.028,99.167,0.804
scaffold215|size136476|pilon|pilon|pilon,,136520,0,136520,0.000,0.000,100.000,0.000
scaffold216|size136112|pilon|pilon|pilon,,136128,4,136132,0.003,0.361,99.636,0.000
scaffold217|size134720|pilon|pilon|pilon,,130101,4647,134748,3.449,1.843,94.709,0.000
scaffold218|size217604|pilon|pilon|pilon,,211186,6527,217713,2.998,0.148,96.854,0.000
scaffold219|size134657|pilon|pilon|pilon,,132833,18,132851,0.014,0.759,99.228,0.000
scaffold21|size500086|pilon|pilon|pilon,,495353,5026,500379,0.230,0.298,98.697,0.775
scaffold220|size133764|pilon|pilon|pilon,,133134,673,133807,0.001,0.008,99.489,0.502
scaffold221|size133446|pilon|pilon|pilon,,132294,1107,133401,0.830,4.510,94.660,0.000
scaffold222|size184446|pilon|pilon|pilon,,183357,1159,184516,0.628,0.000,99.372,0.000
scaffold223|size132921|pilon|pilon|pilon,,132555,474,133029,0.002,0.759,98.884,0.355
scaffold224|size197367|pilon|pilon|pilon,,190888,6551,197439,3.318,1.545,95.137,0.000
scaffold225|size161219|pilon|pilon|pilon,,159726,1493,161219,0.919,0.439,98.635,0.007
scaffold226|size130013|pilon|pilon|pilon,,130023,0,130023,0.000,0.482,99.518,0.000
scaffold227|size129571|pilon|pilon|pilon,,129640,3,129643,0.002,4.958,95.039,0.000
scaffold228|size129480|pilon|pilon|pilon,,129535,0,129535,0.000,0.000,100.000,0.000
scaffold229|size279953|pilon|pilon|pilon,,279340,438,279778,0.157,0.211,99.633,0.000
scaffold22|size498803|pilon|pilon|pilon,,492914,5851,498765,0.084,0.620,98.207,1.089
scaffold230|size129189|pilon|pilon|pilon,,129098,0,129098,0.000,0.002,99.998,0.000
scaffold231|size129132|pilon|pilon|pilon,,128269,688,128957,0.534,2.230,97.236,0.000
scaffold232|size155884|pilon|pilon|pilon,,155130,788,155918,0.505,0.896,98.599,0.000
scaffold233|size128304|pilon|pilon|pilon,,128362,0,128362,0.000,0.000,100.000,0.000
scaffold234|size154681|pilon|pilon|pilon,,152246,2555,154801,1.651,0.335,98.014,0.000
scaffold235|size126721|pilon|pilon|pilon,,125221,1540,126761,1.215,3.908,94.877,0.000
scaffold236|size126248|pilon|pilon|pilon,,126324,49,126373,0.000,0.002,99.960,0.039
scaffold237|size125853|pilon|pilon|pilon,,125905,8,125913,0.006,0.802,99.192,0.000
scaffold238|size124934|pilon|pilon|pilon,,124865,75,124940,0.060,2.168,97.772,0.000
scaffold239|size178451|pilon|pilon|pilon,,174714,3804,178518,2.131,3.094,94.775,0.000
scaffold23|size521573|pilon|pilon|pilon,,518919,4857,523776,0.647,0.030,99.043,0.280
scaffold240|size154607|pilon|pilon|pilon,,153535,1112,154647,0.719,0.000,99.281,0.000
scaffold241|size122758|pilon|pilon|pilon,,122777,0,122777,0.000,0.000,100.000,0.000
scaffold242|size122329|pilon|pilon|pilon,,122369,0,122369,0.000,0.001,99.999,0.000
scaffold243|size121997|pilon|pilon|pilon,,122025,3,122028,0.002,0.515,99.483,0.000
scaffold244|size121937|pilon|pilon|pilon,,121982,0,121982,0.000,0.278,99.722,0.000
scaffold245|size185658|pilon|pilon|pilon,,184934,780,185714,0.420,0.556,99.024,0.000
scaffold246|size121218|pilon|pilon|pilon,,121284,0,121284,0.000,0.016,99.984,0.000
scaffold247|size121021|pilon|pilon|pilon,,121024,13,121037,0.011,2.360,97.629,0.000
scaffold248|size120881|pilon|pilon|pilon,,120903,0,120903,0.000,0.286,99.714,0.000
scaffold249|size120459|pilon|pilon|pilon,,120441,27,120468,0.022,0.657,99.320,0.000
scaffold24|size453710|pilon|pilon|pilon,,439801,14050,453851,0.001,0.086,96.819,3.095
scaffold250|size174933|pilon|pilon|pilon,,174961,0,174961,0.000,0.002,99.998,0.000
scaffold251|size120194|pilon|pilon|pilon,,120226,0,120226,0.000,0.000,100.000,0.000
scaffold252|size237875|pilon|pilon|pilon,,225828,12180,238008,5.117,0.628,94.254,0.000
scaffold253|size118161|pilon|pilon|pilon,,118036,0,118036,0.000,1.362,98.638,0.000
scaffold254|size150548|pilon|pilon|pilon,,150609,0,150609,0.000,0.000,100.000,0.000
scaffold255|size116057|pilon|pilon|pilon,,116076,2,116078,0.000,0.000,99.998,0.002
scaffold256|size115913|pilon|pilon|pilon,,115855,4,115859,0.003,0.221,99.776,0.000
scaffold257|size115542|pilon|pilon|pilon,,115547,3,115550,0.003,0.734,99.264,0.000
scaffold258|size114632|pilon|pilon|pilon,,114480,4,114484,0.003,0.293,99.703,0.000
scaffold259|size179919|pilon|pilon|pilon,,178829,1131,179960,0.000,0.000,99.372,0.628
scaffold25|size809102|pilon|pilon|pilon,,800933,8462,809395,1.043,0.223,98.731,0.002
scaffold260|size114462|pilon|pilon|pilon,,114504,0,114504,0.000,0.044,99.956,0.000
scaffold261|size199567|pilon|pilon|pilon,,196668,3079,199747,1.541,0.577,97.882,0.000
scaffold262|size114164|pilon|pilon|pilon,,114074,106,114180,0.005,0.279,99.629,0.088
scaffold263|size114129|pilon|pilon|pilon,,113596,557,114153,0.488,1.289,98.223,0.000
scaffold264|size113240|pilon|pilon|pilon,,113254,0,113254,0.000,0.023,99.977,0.000
scaffold265|size113038|pilon|pilon|pilon,,113073,0,113073,0.000,0.000,100.000,0.000
scaffold266|size258311|pilon|pilon|pilon,,209151,44332,253483,1.191,0.608,81.903,16.298
scaffold267|size112121|pilon|pilon|pilon,,112172,0,112172,0.000,0.000,100.000,0.000
scaffold268|size111067|pilon|pilon|pilon,,111125,0,111125,0.000,0.032,99.968,0.000
scaffold269|size110991|pilon|pilon|pilon,,111031,3,111034,0.003,1.041,98.956,0.000
scaffold26|size499105|pilon|pilon|pilon,,441746,57542,499288,11.256,0.055,88.420,0.269
scaffold270|size211894|pilon|pilon|pilon,,210805,1127,211932,0.532,0.670,98.798,0.000
scaffold271|size110612|pilon|pilon|pilon,,110636,2,110638,0.002,0.263,99.735,0.000
scaffold272|size140167|pilon|pilon|pilon,,137133,3078,140211,2.195,2.619,95.186,0.000
scaffold273|size109439|pilon|pilon|pilon,,109521,0,109521,0.000,0.030,99.970,0.000
scaffold274|size203813|pilon|pilon|pilon,,199819,4020,203839,1.972,0.480,97.548,0.000
scaffold275|size108741|pilon|pilon|pilon,,108841,58,108899,0.053,0.873,99.073,0.000
scaffold276|size108141|pilon|pilon|pilon,,108163,8,108171,0.007,1.337,98.656,0.000
scaffold277|size107044|pilon|pilon|pilon,,107053,15,107068,0.014,0.024,99.962,0.000
scaffold278|size106419|pilon|pilon|pilon,,106440,0,106440,0.000,0.003,99.997,0.000
scaffold279|size106369|pilon|pilon|pilon,,107027,217,107244,0.202,1.973,97.825,0.000
scaffold27|size438319|pilon|pilon|pilon,,437066,599,437665,0.032,0.506,99.357,0.105
scaffold280|size106148|pilon|pilon|pilon,,106164,10,106174,0.009,0.994,98.997,0.000
scaffold281|size106070|pilon|pilon|pilon,,105495,641,106136,0.604,2.132,97.264,0.000
scaffold282|size105761|pilon|pilon|pilon,,105458,389,105847,0.000,0.007,99.626,0.368
scaffold283|size104618|pilon|pilon|pilon,,104639,0,104639,0.000,0.000,100.000,0.000
scaffold284|size104220|pilon|pilon|pilon,,103627,611,104238,0.586,0.956,98.457,0.000
scaffold285|size104151|pilon|pilon|pilon,,104144,14,104158,0.013,0.589,99.397,0.000
scaffold286|size104003|pilon|pilon|pilon,,103957,114,104071,0.110,1.053,98.837,0.000
scaffold287|size103337|pilon|pilon|pilon,,103279,0,103279,0.000,0.087,99.913,0.000
scaffold288|size154479|pilon|pilon|pilon,,151919,2528,154447,1.637,0.141,98.222,0.000
scaffold289|size102282|pilon|pilon|pilon,,101680,683,102363,0.667,2.857,96.475,0.000
scaffold28|size434884|pilon|pilon|pilon,,434715,299,435014,0.069,0.947,98.984,0.000
scaffold290|size101274|pilon|pilon|pilon,,101295,3,101298,0.003,0.389,99.608,0.000
scaffold291|size101247|pilon|pilon|pilon,,101275,5,101280,0.005,3.517,96.478,0.000
scaffold292|size101124|pilon|pilon|pilon,,101139,0,101139,0.000,0.000,100.000,0.000
scaffold293|size149775|pilon|pilon|pilon,,148993,747,149740,0.499,2.189,97.312,0.000
scaffold294|size101116|pilon|pilon|pilon,,101133,2,101135,0.002,0.003,99.995,0.000
scaffold295|size100367|pilon|pilon|pilon,,99629,750,100379,0.007,1.350,97.903,0.740
scaffold296|size99728|pilon|pilon|pilon,,99420,310,99730,0.311,1.527,98.162,0.000
scaffold297|size99410|pilon|pilon|pilon,,99418,3,99421,0.003,1.382,98.615,0.000
scaffold298|size99300|pilon|pilon|pilon,,99310,11,99321,0.011,0.673,99.316,0.000
scaffold299|size98871|pilon|pilon|pilon,,98898,0,98898,0.000,0.000,100.000,0.000
scaffold29|size428004|pilon|pilon|pilon,,428162,0,428162,0.000,0.000,100.000,0.000
scaffold2|size888742|pilon|pilon|pilon,,888933,1,888934,0.000,0.021,99.979,0.000
scaffold300|size98407|pilon|pilon|pilon,,98435,0,98435,0.000,0.001,99.999,0.000
scaffold301|size98301|pilon|pilon|pilon,,95114,3191,98305,2.311,1.520,95.234,0.935
scaffold302|size97942|pilon|pilon|pilon,,97952,23,97975,0.001,0.002,99.974,0.022
scaffold303|size97839|pilon|pilon|pilon,,97882,1,97883,0.001,0.693,99.306,0.000
scaffold304|size138602|pilon|pilon|pilon,,138622,36,138658,0.026,1.271,98.703,0.000
scaffold305|size97654|pilon|pilon|pilon,,97671,0,97671,0.000,0.014,99.986,0.000
scaffold306|size97548|pilon|pilon|pilon,,97563,0,97563,0.000,0.161,99.839,0.000
scaffold307|size97507|pilon|pilon|pilon,,97504,10,97514,0.010,0.598,99.392,0.000
scaffold308|size96550|pilon|pilon|pilon,,95875,677,96552,0.701,0.779,98.520,0.000
scaffold309|size178775|pilon|pilon|pilon,,178844,0,178844,0.000,0.006,99.994,0.000
scaffold30|size420415|pilon|pilon|pilon,,420525,23,420548,0.005,0.385,99.609,0.000
scaffold310|size95943|pilon|pilon|pilon,,95980,0,95980,0.000,0.000,100.000,0.000
scaffold311|size95241|pilon|pilon|pilon,,95276,2,95278,0.002,0.505,99.493,0.000
scaffold312|size126728|pilon|pilon|pilon,,126354,458,126812,0.361,3.485,96.154,0.000
scaffold313|size94643|pilon|pilon|pilon,,92157,2543,94700,2.685,1.339,95.976,0.000
scaffold314|size141664|pilon|pilon|pilon,,141720,4,141724,0.003,0.185,99.812,0.000
scaffold315|size93347|pilon|pilon|pilon,,93354,0,93354,0.000,0.372,99.628,0.000
scaffold316|size93141|pilon|pilon|pilon,,92855,10,92865,0.011,0.513,99.477,0.000
scaffold317|size92697|pilon|pilon|pilon,,92718,0,92718,0.000,0.000,100.000,0.000
scaffold318|size92490|pilon|pilon|pilon,,92518,0,92518,0.000,0.322,99.678,0.000
scaffold319|size92426|pilon|pilon|pilon,,92447,1,92448,0.001,0.785,99.214,0.000
scaffold31|size419057|pilon|pilon|pilon,,419072,98,419170,0.023,0.767,99.210,0.000
scaffold320|size91972|pilon|pilon|pilon,,91374,1,91375,0.001,1.836,98.163,0.000
scaffold321|size144119|pilon|pilon|pilon,,142024,2130,144154,1.478,1.061,97.462,0.000
scaffold322|size91483|pilon|pilon|pilon,,91494,3,91497,0.003,0.619,99.378,0.000
scaffold323|size91319|pilon|pilon|pilon,,91368,0,91368,0.000,0.003,99.997,0.000
scaffold324|size90714|pilon|pilon|pilon,,89969,751,90720,0.828,4.124,95.049,0.000
scaffold325|size207442|pilon|pilon|pilon,,202446,5007,207453,2.414,0.604,96.982,0.000
scaffold326|size90326|pilon|pilon|pilon,,90964,283,91247,0.310,0.923,98.767,0.000
scaffold327|size128863|pilon|pilon|pilon,,125804,3083,128887,2.392,0.614,96.993,0.000
scaffold328|size89906|pilon|pilon|pilon,,89960,0,89960,0.000,0.028,99.972,0.000
scaffold329|size247594|pilon|pilon|pilon,,242215,5468,247683,2.208,0.003,97.790,0.000
scaffold32|size406210|pilon|pilon|pilon,,404923,1257,406180,0.003,0.343,99.347,0.306
scaffold330|size89526|pilon|pilon|pilon,,89547,0,89547,0.000,0.000,100.000,0.000
scaffold331|size89169|pilon|pilon|pilon,,88633,549,89182,0.616,1.307,98.077,0.000
scaffold332|size89049|pilon|pilon|pilon,,89072,0,89072,0.000,0.001,99.999,0.000
scaffold333|size88753|pilon|pilon|pilon,,88788,4,88792,0.005,1.347,98.649,0.000
scaffold334|size88599|pilon|pilon|pilon,,88606,0,88606,0.000,0.622,99.378,0.000
scaffold335|size88387|pilon|pilon|pilon,,88427,0,88427,0.000,0.780,99.220,0.000
scaffold336|size87854|pilon|pilon|pilon,,87546,0,87546,0.000,0.027,99.973,0.000
scaffold337|size87758|pilon|pilon|pilon,,87771,0,87771,0.000,0.014,99.986,0.000
scaffold338|size87321|pilon|pilon|pilon,,87003,342,87345,0.392,0.411,99.197,0.000
scaffold339|size86905|pilon|pilon|pilon,,86917,0,86917,0.000,0.652,99.348,0.000
scaffold33|size399337|pilon|pilon|pilon,,399402,20,399422,0.005,0.351,99.644,0.000
scaffold340|size86767|pilon|pilon|pilon,,86786,0,86786,0.000,0.022,99.978,0.000
scaffold341|size85674|pilon|pilon|pilon,,85705,5,85710,0.006,0.054,99.940,0.000
scaffold342|size85609|pilon|pilon|pilon,,85278,3,85281,0.004,0.494,99.503,0.000
scaffold343|size85494|pilon|pilon|pilon,,85523,0,85523,0.000,0.375,99.625,0.000
scaffold344|size85464|pilon|pilon|pilon,,85112,362,85474,0.424,3.362,96.214,0.000
scaffold345|size84958|pilon|pilon|pilon,,84990,1,84991,0.001,1.171,98.828,0.000
scaffold346|size84728|pilon|pilon|pilon,,84747,0,84747,0.000,0.158,99.842,0.000
scaffold347|size142098|pilon|pilon|pilon,,141651,574,142225,0.404,0.032,99.564,0.000
scaffold348|size84225|pilon|pilon|pilon,,84231,42,84273,0.050,2.471,97.480,0.000
scaffold349|size84221|pilon|pilon|pilon,,84226,9,84235,0.011,4.515,95.475,0.000
scaffold34|size429539|pilon|pilon|pilon,,426212,3461,429673,0.805,0.575,98.619,0.000
scaffold350|size84102|pilon|pilon|pilon,,84112,24,84136,0.000,0.000,99.971,0.029
scaffold351|size83961|pilon|pilon|pilon,,83975,0,83975,0.000,0.001,99.999,0.000
scaffold352|size83836|pilon|pilon|pilon,,83849,0,83849,0.000,0.000,100.000,0.000
scaffold353|size83603|pilon|pilon|pilon,,83579,78,83657,0.093,1.893,98.013,0.000
scaffold354|size83122|pilon|pilon|pilon,,83108,35,83143,0.042,3.726,96.232,0.000
scaffold355|size82493|pilon|pilon|pilon,,82525,0,82525,0.000,0.000,100.000,0.000
scaffold356|size82215|pilon|pilon|pilon,,82251,1,82252,0.001,0.948,99.050,0.000
scaffold357|size111087|pilon|pilon|pilon,,101836,9283,111119,3.296,0.180,91.466,5.058
scaffold358|size81710|pilon|pilon|pilon,,81722,2,81724,0.002,0.223,99.775,0.000
scaffold359|size149732|pilon|pilon|pilon,,149855,2,149857,0.001,0.067,99.932,0.000
scaffold35|size391383|pilon|pilon|pilon,,391485,5,391490,0.001,0.146,99.853,0.000
scaffold360|size80334|pilon|pilon|pilon,,80387,0,80387,0.000,0.004,99.996,0.000
scaffold361|size206300|pilon|pilon|pilon,,206362,33,206395,0.016,1.010,98.974,0.000
scaffold362|size79137|pilon|pilon|pilon,,79211,0,79211,0.000,0.306,99.694,0.000
scaffold363|size136311|pilon|pilon|pilon,,132779,3546,136325,2.601,0.056,97.343,0.000
scaffold364|size78869|pilon|pilon|pilon,,76533,2343,78876,2.970,2.619,94.410,0.000
scaffold365|size78838|pilon|pilon|pilon,,77906,940,78846,1.192,1.715,97.093,0.000
scaffold366|size78790|pilon|pilon|pilon,,78219,568,78787,0.721,1.331,97.948,0.000
scaffold367|size78596|pilon|pilon|pilon,,78630,0,78630,0.000,3.060,96.940,0.000
scaffold368|size78029|pilon|pilon|pilon,,78058,0,78058,0.000,1.381,98.619,0.000
scaffold369|size77695|pilon|pilon|pilon,,76510,1190,77700,0.082,0.174,98.295,1.449
scaffold36|size390704|pilon|pilon|pilon,,384924,4914,389838,0.003,0.329,98.410,1.257
scaffold370|size155732|pilon|pilon|pilon,,151456,4324,155780,2.776,1.539,95.686,0.000
scaffold371|size77373|pilon|pilon|pilon,,77390,1,77391,0.001,0.160,99.838,0.000
scaffold372|size77218|pilon|pilon|pilon,,77230,0,77230,0.000,0.000,100.000,0.000
scaffold373|size77198|pilon|pilon|pilon,,77209,0,77209,0.000,0.001,99.999,0.000
scaffold374|size76675|pilon|pilon|pilon,,75441,1535,76976,1.994,3.570,94.436,0.000
scaffold375|size76503|pilon|pilon|pilon,,76521,2,76523,0.003,0.568,99.429,0.000
scaffold376|size76323|pilon|pilon|pilon,,76445,0,76445,0.000,0.922,99.078,0.000
scaffold377|size75916|pilon|pilon|pilon,,75925,0,75925,0.000,0.327,99.673,0.000
scaffold378|size75403|pilon|pilon|pilon,,75409,0,75409,0.000,0.004,99.996,0.000
scaffold379|size75330|pilon|pilon|pilon,,75388,0,75388,0.000,0.243,99.757,0.000
scaffold37|size383752|pilon|pilon|pilon,,378907,4055,382962,0.001,0.088,98.853,1.058
scaffold380|size75130|pilon|pilon|pilon,,74283,881,75164,1.172,0.579,98.249,0.000
scaffold381|size130710|pilon|pilon|pilon,,129715,1013,130728,0.775,0.311,98.915,0.000
scaffold382|size73958|pilon|pilon|pilon,,74097,0,74097,0.000,0.009,99.991,0.000
scaffold383|size139853|pilon|pilon|pilon,,134772,5179,139951,3.701,0.194,96.105,0.000
scaffold384|size73550|pilon|pilon|pilon,,73521,2,73523,0.003,1.727,98.270,0.000
scaffold385|size73430|pilon|pilon|pilon,,73469,3,73472,0.004,0.049,99.947,0.000
scaffold386|size73190|pilon|pilon|pilon,,73228,0,73228,0.000,0.000,100.000,0.000
scaffold387|size73123|pilon|pilon|pilon,,73194,0,73194,0.000,0.157,99.843,0.000
scaffold388|size72838|pilon|pilon|pilon,,72611,234,72845,0.321,0.902,98.777,0.000
scaffold389|size128799|pilon|pilon|pilon,,129420,17,129437,0.013,2.037,97.950,0.000
scaffold38|size470352|pilon|pilon|pilon,,463817,6630,470447,1.409,0.018,98.572,0.000
scaffold390|size72559|pilon|pilon|pilon,,71000,1573,72573,0.805,2.263,95.570,1.363
scaffold391|size72532|pilon|pilon|pilon,s,11417,61117,72534,0.062,12.372,3.368,84.198
scaffold392|size99389|pilon|pilon|pilon,,98050,1359,99409,1.367,0.478,98.155,0.000
scaffold393|size72464|pilon|pilon|pilon,,71536,1001,72537,1.380,0.558,98.062,0.000
scaffold394|size108187|pilon|pilon|pilon,,105193,3148,108341,2.906,1.395,95.700,0.000
scaffold395|size155300|pilon|pilon|pilon,,155712,382,156094,0.245,1.292,98.463,0.000
scaffold396|size70673|pilon|pilon|pilon,,69986,714,70700,0.283,0.069,98.921,0.727
scaffold397|size70628|pilon|pilon|pilon,,70636,2,70638,0.003,0.246,99.751,0.000
scaffold398|size70599|pilon|pilon|pilon,,70634,0,70634,0.000,0.035,99.965,0.000
scaffold399|size70472|pilon|pilon|pilon,,69202,1292,70494,1.833,3.413,94.754,0.000
scaffold39|size377471|pilon|pilon|pilon,,373223,3965,377188,0.028,0.654,98.295,1.023
scaffold3|size905253|pilon|pilon|pilon,,905511,0,905511,0.000,0.000,100.000,0.000
scaffold400|size119364|pilon|pilon|pilon,,117040,2257,119297,1.892,2.141,95.967,0.000
scaffold401|size69798|pilon|pilon|pilon,,69695,108,69803,0.155,1.877,97.969,0.000
scaffold402|size102226|pilon|pilon|pilon,,101570,728,102298,0.712,0.880,98.409,0.000
scaffold403|size69617|pilon|pilon|pilon,,69645,0,69645,0.000,0.200,99.800,0.000
scaffold404|size69571|pilon|pilon|pilon,,69535,36,69571,0.052,1.905,98.044,0.000
scaffold405|size69394|pilon|pilon|pilon,,69495,12,69507,0.017,0.781,99.202,0.000
scaffold406|size112831|pilon|pilon|pilon,,109547,3329,112876,2.949,2.159,94.892,0.000
scaffold407|size94110|pilon|pilon|pilon,,93314,840,94154,0.892,0.733,98.375,0.000
scaffold408|size68489|pilon|pilon|pilon,,68778,132,68910,0.003,3.287,96.522,0.189
scaffold409|size68201|pilon|pilon|pilon,,68118,94,68212,0.138,3.331,96.531,0.000
scaffold40|size366621|pilon|pilon|pilon,,366701,0,366701,0.000,0.034,99.966,0.000
scaffold410|size109410|pilon|pilon|pilon,,106878,2556,109434,2.336,0.694,96.970,0.000
scaffold411|size67833|pilon|pilon|pilon,,67844,0,67844,0.000,0.491,99.509,0.000
scaffold412|size67703|pilon|pilon|pilon,,66372,1389,67761,2.050,1.033,96.917,0.000
scaffold413|size131647|pilon|pilon|pilon,,131685,56,131741,0.043,0.446,99.511,0.000
scaffold414|size66048|pilon|pilon|pilon,,65755,296,66051,0.448,0.279,99.273,0.000
scaffold415|size65988|pilon|pilon|pilon,,66016,0,66016,0.000,0.005,99.995,0.000
scaffold416|size65644|pilon|pilon|pilon,,65679,0,65679,0.000,0.000,100.000,0.000
scaffold417|size65183|pilon|pilon|pilon,,62551,2640,65191,4.050,0.101,95.849,0.000
scaffold418|size65160|pilon|pilon|pilon,,65174,4,65178,0.006,1.198,98.796,0.000
scaffold419|size64592|pilon|pilon|pilon,,63753,509,64262,0.792,3.061,96.147,0.000
scaffold41|size416595|pilon|pilon|pilon,,413690,1897,415587,0.000,0.074,99.469,0.456
scaffold420|size64554|pilon|pilon|pilon,,64560,0,64560,0.000,0.023,99.977,0.000
scaffold421|size64443|pilon|pilon|pilon,,64468,1,64469,0.002,1.157,98.841,0.000
scaffold422|size64126|pilon|pilon|pilon,,64195,0,64195,0.000,0.002,99.998,0.000
scaffold423|size191518|pilon|pilon|pilon,,176688,14925,191613,7.789,1.075,91.136,0.000
scaffold424|size63872|pilon|pilon|pilon,,63838,72,63910,0.113,1.918,97.969,0.000
scaffold425|size63870|pilon|pilon|pilon,,63902,10,63912,0.016,1.400,98.584,0.000
scaffold426|size63153|pilon|pilon|pilon,,62640,526,63166,0.833,1.882,97.285,0.000
scaffold427|size62764|pilon|pilon|pilon,,62712,72,62784,0.115,3.420,96.466,0.000
scaffold428|size100146|pilon|pilon|pilon,,97013,3164,100177,3.158,0.665,96.177,0.000
scaffold429|size61980|pilon|pilon|pilon,,60815,1212,62027,1.954,0.253,97.793,0.000
scaffold42|size387291|pilon|pilon|pilon,,387369,369,387738,0.095,0.284,99.621,0.000
scaffold430|size102115|pilon|pilon|pilon,,102101,47,102148,0.046,2.489,97.465,0.000
scaffold431|size61107|pilon|pilon|pilon,,61119,0,61119,0.000,0.000,100.000,0.000
scaffold432|size61037|pilon|pilon|pilon,,61061,0,61061,0.000,1.151,98.849,0.000
scaffold433|size60989|pilon|pilon|pilon,,61017,33,61050,0.033,3.168,96.778,0.021
scaffold434|size60271|pilon|pilon|pilon,s,7005,53272,60277,0.310,8.492,3.129,88.068
scaffold435|size60065|pilon|pilon|pilon,,59940,143,60083,0.238,0.075,99.687,0.000
scaffold436|size96195|pilon|pilon|pilon,,88657,7560,96217,7.688,3.381,88.762,0.169
scaffold437|size59701|pilon|pilon|pilon,,59650,57,59707,0.095,3.809,96.096,0.000
scaffold438|size105582|pilon|pilon|pilon,,105424,179,105603,0.170,0.178,99.652,0.000
scaffold439|size59210|pilon|pilon|pilon,,59239,1,59240,0.002,0.441,99.558,0.000
scaffold43|size351167|pilon|pilon|pilon,,351296,0,351296,0.000,0.000,100.000,0.000
scaffold440|size59046|pilon|pilon|pilon,,58564,0,58564,0.000,0.939,99.061,0.000
scaffold441|size115644|pilon|pilon|pilon,,115617,0,115617,0.000,0.251,99.749,0.000
scaffold442|size58930|pilon|pilon|pilon,,58955,0,58955,0.000,0.171,99.829,0.000
scaffold443|size58818|pilon|pilon|pilon,,58442,442,58884,0.751,1.540,97.709,0.000
scaffold444|size156824|pilon|pilon|pilon,,156782,25,156807,0.016,0.210,99.774,0.000
scaffold445|size58573|pilon|pilon|pilon,,58597,0,58597,0.000,0.406,99.594,0.000
scaffold446|size58496|pilon|pilon|pilon,,58560,4,58564,0.007,0.558,99.435,0.000
scaffold447|size58347|pilon|pilon|pilon,,58408,0,58408,0.000,0.199,99.801,0.000
scaffold448|size58067|pilon|pilon|pilon,,58095,1,58096,0.002,0.033,99.966,0.000
scaffold449|size57886|pilon|pilon|pilon,,57911,0,57911,0.000,0.038,99.962,0.000
scaffold44|size349773|pilon|pilon|pilon,,349480,415,349895,0.000,0.007,99.875,0.119
scaffold450|size100019|pilon|pilon|pilon,,99322,789,100111,0.788,5.453,93.759,0.000
scaffold451|size92255|pilon|pilon|pilon,,84229,8087,92316,8.760,0.274,90.966,0.000
scaffold452|size56583|pilon|pilon|pilon,,56612,0,56612,0.000,1.000,99.000,0.000
scaffold453|size162264|pilon|pilon|pilon,,161677,780,162457,0.480,0.007,99.512,0.000
scaffold454|size56544|pilon|pilon|pilon,,56558,0,56558,0.000,0.110,99.890,0.000
scaffold455|size56249|pilon|pilon|pilon,,56271,0,56271,0.000,0.000,100.000,0.000
scaffold456|size56114|pilon|pilon|pilon,,55752,372,56124,0.663,1.080,98.257,0.000
scaffold457|size91449|pilon|pilon|pilon,,90832,629,91461,0.688,0.435,98.877,0.000
scaffold458|size55921|pilon|pilon|pilon,,55889,32,55921,0.057,0.737,99.206,0.000
scaffold459|size89417|pilon|pilon|pilon,,81700,7095,88795,7.990,2.940,89.069,0.000
scaffold45|size347064|pilon|pilon|pilon,,347169,2,347171,0.001,0.023,99.977,0.000
scaffold460|size55852|pilon|pilon|pilon,,55881,0,55881,0.000,0.000,100.000,0.000
scaffold461|size55747|pilon|pilon|pilon,,55765,80,55845,0.143,7.752,92.105,0.000
scaffold462|size55724|pilon|pilon|pilon,,55552,193,55745,0.346,2.702,96.952,0.000
scaffold463|size55562|pilon|pilon|pilon,,55548,32,55580,0.058,5.702,94.241,0.000
scaffold464|size55373|pilon|pilon|pilon,,55431,0,55431,0.000,0.909,99.091,0.000
scaffold465|size55289|pilon|pilon|pilon,,55296,8,55304,0.014,0.832,99.154,0.000
scaffold466|size54846|pilon|pilon|pilon,,54905,0,54905,0.000,1.504,98.496,0.000
scaffold467|size54827|pilon|pilon|pilon,,54799,2,54801,0.004,1.124,98.872,0.000
scaffold468|size82985|pilon|pilon|pilon,,75508,7485,82993,9.019,1.295,89.686,0.000
scaffold469|size54405|pilon|pilon|pilon,,54429,3,54432,0.006,2.671,97.323,0.000
scaffold46|size767205|pilon|pilon|pilon,,756387,11733,768120,0.480,0.150,98.323,1.048
scaffold470|size54307|pilon|pilon|pilon,,54337,7,54344,0.013,3.202,96.785,0.000
scaffold471|size91906|pilon|pilon|pilon,,89823,2127,91950,0.943,0.966,96.721,1.370
scaffold472|size54197|pilon|pilon|pilon,,54209,0,54209,0.000,0.000,100.000,0.000
scaffold473|size53598|pilon|pilon|pilon,,53608,8,53616,0.015,1.166,98.819,0.000
scaffold474|size53584|pilon|pilon|pilon,,53459,148,53607,0.276,1.125,98.599,0.000
scaffold475|size53338|pilon|pilon|pilon,,53310,35,53345,0.066,0.079,99.856,0.000
scaffold476|size53230|pilon|pilon|pilon,,53229,5,53234,0.009,1.422,98.569,0.000
scaffold477|size53009|pilon|pilon|pilon,,53027,0,53027,0.000,0.000,100.000,0.000
scaffold478|size52933|pilon|pilon|pilon,,52982,0,52982,0.000,0.140,99.860,0.000
scaffold479|size52781|pilon|pilon|pilon,,52735,118,52853,0.223,5.379,94.398,0.000
scaffold47|size344235|pilon|pilon|pilon,,340563,3882,344445,0.000,0.004,98.869,1.127
scaffold480|size52268|pilon|pilon|pilon,,52282,1,52283,0.002,0.086,99.912,0.000
scaffold481|size52164|pilon|pilon|pilon,,51940,245,52185,0.469,2.526,97.005,0.000
scaffold482|size51986|pilon|pilon|pilon,,49808,2193,52001,4.217,1.354,94.429,0.000
scaffold483|size51975|pilon|pilon|pilon,,51981,19,52000,0.037,1.973,97.990,0.000
scaffold484|size51952|pilon|pilon|pilon,,51978,0,51978,0.000,0.002,99.998,0.000
scaffold485|size51896|pilon|pilon|pilon,,51936,2,51938,0.004,0.142,99.854,0.000
scaffold486|size51833|pilon|pilon|pilon,,51842,4,51846,0.008,1.464,98.528,0.000
scaffold487|size51826|pilon|pilon|pilon,,51875,0,51875,0.000,1.112,98.888,0.000
scaffold488|size51812|pilon|pilon|pilon,,51831,0,51831,0.000,0.000,100.000,0.000
scaffold489|size51646|pilon|pilon|pilon,,51517,182,51699,0.352,2.023,97.625,0.000
scaffold48|size340466|pilon|pilon|pilon,,320948,19605,340553,0.456,0.311,93.932,5.301
scaffold490|size51251|pilon|pilon|pilon,,51260,0,51260,0.000,0.025,99.975,0.000
scaffold491|size51220|pilon|pilon|pilon,,50777,469,51246,0.915,2.623,96.462,0.000
scaffold492|size50770|pilon|pilon|pilon,,50772,2,50774,0.004,0.364,99.632,0.000
scaffold493|size50554|pilon|pilon|pilon,,50545,14,50559,0.028,5.158,94.814,0.000
scaffold494|size50061|pilon|pilon|pilon,,49901,166,50067,0.332,2.792,96.876,0.000
scaffold495|size49535|pilon|pilon|pilon,,49545,0,49545,0.000,1.104,98.896,0.000
scaffold496|size96393|pilon|pilon|pilon,,96405,2,96407,0.002,0.050,99.948,0.000
scaffold497|size49506|pilon|pilon|pilon,,46524,2984,49508,6.027,2.660,91.313,0.000
scaffold498|size49455|pilon|pilon|pilon,,49285,219,49504,0.442,1.242,98.315,0.000
scaffold499|size49399|pilon|pilon|pilon,,49421,2,49423,0.004,1.993,98.003,0.000
scaffold49|size340095|pilon|pilon|pilon,,336961,3210,340171,0.944,0.180,98.876,0.000
scaffold4|size954425|pilon|pilon|pilon,,952663,1846,954509,0.147,0.047,99.760,0.046
scaffold500|size49070|pilon|pilon|pilon,,48976,114,49090,0.004,1.599,98.169,0.228
scaffold501|size49040|pilon|pilon|pilon,,49055,2,49057,0.004,1.148,98.848,0.000
scaffold502|size48969|pilon|pilon|pilon,,48987,1,48988,0.002,0.145,99.853,0.000
scaffold503|size48913|pilon|pilon|pilon,,48913,0,48913,0.000,0.180,99.820,0.000
scaffold504|size48846|pilon|pilon|pilon,,48820,27,48847,0.055,1.646,98.299,0.000
scaffold505|size48709|pilon|pilon|pilon,,48716,0,48716,0.000,0.000,100.000,0.000
scaffold506|size48647|pilon|pilon|pilon,,48679,0,48679,0.000,0.006,99.994,0.000
scaffold507|size48643|pilon|pilon|pilon,,48560,93,48653,0.191,2.764,97.044,0.000
scaffold508|size48602|pilon|pilon|pilon,,48629,0,48629,0.000,0.000,100.000,0.000
scaffold509|size48528|pilon|pilon|pilon,,48573,1,48574,0.002,2.281,97.717,0.000
scaffold50|size338274|pilon|pilon|pilon,,337598,747,338345,0.221,0.018,99.761,0.000
scaffold510|size91523|pilon|pilon|pilon,,87876,3679,91555,4.018,0.100,95.881,0.000
scaffold511|size87726|pilon|pilon|pilon,,85743,2155,87898,2.452,0.008,97.540,0.000
scaffold512|size93937|pilon|pilon|pilon,,93545,462,94007,0.491,5.828,93.680,0.000
scaffold513|size47610|pilon|pilon|pilon,,47648,0,47648,0.000,0.002,99.998,0.000
scaffold514|size47505|pilon|pilon|pilon,,47514,0,47514,0.000,0.004,99.996,0.000
scaffold515|size47346|pilon|pilon|pilon,,47353,6,47359,0.013,0.310,99.677,0.000
scaffold516|size47149|pilon|pilon|pilon,,47180,0,47180,0.000,0.000,100.000,0.000
scaffold517|size47004|pilon|pilon|pilon,,35753,11251,47004,0.277,0.940,75.123,23.660
scaffold518|size46974|pilon|pilon|pilon,,46994,0,46994,0.000,0.002,99.998,0.000
scaffold519|size46965|pilon|pilon|pilon,,46997,0,46997,0.000,0.000,100.000,0.000
scaffold51|size361156|pilon|pilon|pilon,,355781,5380,361161,1.490,0.400,98.111,0.000
scaffold520|size79982|pilon|pilon|pilon,,74834,5172,80006,6.465,4.645,88.891,0.000
scaffold521|size46588|pilon|pilon|pilon,,46610,0,46610,0.000,0.002,99.998,0.000
scaffold522|size46488|pilon|pilon|pilon,,45777,757,46534,1.627,8.531,89.842,0.000
scaffold523|size46470|pilon|pilon|pilon,,46531,10,46541,0.021,3.219,96.760,0.000
scaffold524|size94342|pilon|pilon|pilon,,93388,996,94384,1.055,2.893,96.051,0.000
scaffold525|size46279|pilon|pilon|pilon,,45467,820,46287,1.772,3.260,94.968,0.000
scaffold526|size45794|pilon|pilon|pilon,,45796,13,45809,0.028,0.720,99.251,0.000
scaffold527|size45760|pilon|pilon|pilon,,45777,0,45777,0.000,0.712,99.288,0.000
scaffold528|size45698|pilon|pilon|pilon,,45487,258,45745,0.564,4.680,94.756,0.000
scaffold529|size45572|pilon|pilon|pilon,,45627,0,45627,0.000,0.107,99.893,0.000
scaffold52|size332863|pilon|pilon|pilon,,332810,36,332846,0.000,0.188,99.801,0.011
scaffold530|size45275|pilon|pilon|pilon,,44334,941,45275,2.078,1.661,96.261,0.000
scaffold531|size82540|pilon|pilon|pilon,,80537,2019,82556,2.446,1.473,96.081,0.000
scaffold532|size44955|pilon|pilon|pilon,,44956,0,44956,0.000,1.052,98.948,0.000
scaffold533|size44906|pilon|pilon|pilon,,44907,0,44907,0.000,0.029,99.971,0.000
scaffold534|size44804|pilon|pilon|pilon,,44806,13,44819,0.029,2.155,97.816,0.000
scaffold535|size44711|pilon|pilon|pilon,,44366,362,44728,0.809,7.749,91.442,0.000
scaffold536|size76463|pilon|pilon|pilon,,70549,6220,76769,8.102,1.456,90.441,0.000
scaffold537|size44353|pilon|pilon|pilon,,42774,1084,43858,2.472,2.011,95.517,0.000
scaffold538|size88627|pilon|pilon|pilon,,87908,730,88638,0.824,0.377,98.800,0.000
scaffold539|size44194|pilon|pilon|pilon,,44218,0,44218,0.000,0.002,99.998,0.000
scaffold53|size364871|pilon|pilon|pilon,,363406,1616,365022,0.443,0.334,99.223,0.000
scaffold540|size44160|pilon|pilon|pilon,,44229,4,44233,0.009,2.372,97.619,0.000
scaffold541|size44141|pilon|pilon|pilon,,43756,431,44187,0.975,3.870,95.155,0.000
scaffold542|size43744|pilon|pilon|pilon,,43822,0,43822,0.000,0.005,99.995,0.000
scaffold543|size43638|pilon|pilon|pilon,,43169,494,43663,1.131,1.019,97.849,0.000
scaffold544|size43045|pilon|pilon|pilon,,43079,0,43079,0.000,0.000,100.000,0.000
scaffold545|size43039|pilon|pilon|pilon,,43047,0,43047,0.000,0.000,100.000,0.000
scaffold546|size43014|pilon|pilon|pilon,,39365,3793,43158,8.789,2.973,88.239,0.000
scaffold547|size42993|pilon|pilon|pilon,,42413,659,43072,1.530,1.477,96.993,0.000
scaffold548|size42912|pilon|pilon|pilon,,42211,833,43044,1.935,2.086,95.979,0.000
scaffold549|size42827|pilon|pilon|pilon,,42860,0,42860,0.000,0.014,99.986,0.000
scaffold54|size366399|pilon|pilon|pilon,,366391,0,366391,0.000,0.065,99.935,0.000
scaffold550|size42282|pilon|pilon|pilon,,41481,251,41732,0.601,2.049,97.350,0.000
scaffold551|size42053|pilon|pilon|pilon,,42050,21,42071,0.050,1.823,98.127,0.000
scaffold552|size42010|pilon|pilon|pilon,,42065,0,42065,0.000,0.081,99.919,0.000
scaffold553|size42009|pilon|pilon|pilon,,41898,139,42037,0.331,0.245,99.424,0.000
scaffold554|size41968|pilon|pilon|pilon,,42024,0,42024,0.000,0.000,100.000,0.000
scaffold555|size41782|pilon|pilon|pilon,,41388,395,41783,0.945,2.872,96.183,0.000
scaffold556|size41774|pilon|pilon|pilon,,41606,208,41814,0.497,8.024,91.479,0.000
scaffold557|size41597|pilon|pilon|pilon,s,11964,29633,41597,0.002,6.356,22.405,71.236
scaffold558|size41451|pilon|pilon|pilon,,41226,227,41453,0.548,3.968,95.484,0.000
scaffold559|size41411|pilon|pilon|pilon,,41462,0,41462,0.000,0.000,100.000,0.000
scaffold55|size619430|pilon|pilon|pilon,,612495,7650,620145,1.234,0.000,98.766,0.000
scaffold560|size41404|pilon|pilon|pilon,,40598,813,41411,1.963,2.330,95.706,0.000
scaffold561|size41383|pilon|pilon|pilon,,40866,523,41389,1.264,5.905,92.831,0.000
scaffold562|size71539|pilon|pilon|pilon,,69785,1798,71583,2.512,0.087,97.402,0.000
scaffold563|size41337|pilon|pilon|pilon,,40871,473,41344,1.144,0.663,98.193,0.000
scaffold564|size41293|pilon|pilon|pilon,,41305,0,41305,0.000,0.005,99.995,0.000
scaffold565|size41269|pilon|pilon|pilon,,41258,21,41279,0.051,1.311,98.639,0.000
scaffold566|size41065|pilon|pilon|pilon,,41071,0,41071,0.000,0.124,99.876,0.000
scaffold567|size40582|pilon|pilon|pilon,,30565,10019,40584,0.002,0.981,74.332,24.685
scaffold568|size40537|pilon|pilon|pilon,,40544,0,40544,0.000,4.038,95.962,0.000
scaffold569|size40532|pilon|pilon|pilon,,40532,3,40535,0.007,1.924,98.068,0.000
scaffold56|size605272|pilon|pilon|pilon,,601554,2300,603854,0.340,0.354,99.266,0.041
scaffold570|size40529|pilon|pilon|pilon,,40600,0,40600,0.000,0.586,99.414,0.000
scaffold571|size40265|pilon|pilon|pilon,,40301,15,40316,0.037,1.471,98.492,0.000
scaffold572|size72606|pilon|pilon|pilon,,70304,2327,72631,3.204,0.573,96.223,0.000
scaffold573|size40015|pilon|pilon|pilon,,40045,3,40048,0.007,3.024,96.969,0.000
scaffold574|size68283|pilon|pilon|pilon,,65961,2264,68225,3.318,2.707,93.974,0.000
scaffold575|size39838|pilon|pilon|pilon,,39382,459,39841,1.152,3.097,95.751,0.000
scaffold576|size39535|pilon|pilon|pilon,,39584,0,39584,0.000,0.000,100.000,0.000
scaffold577|size39529|pilon|pilon|pilon,,38833,712,39545,1.800,5.482,92.717,0.000
scaffold578|size39524|pilon|pilon|pilon,,39545,0,39545,0.000,1.100,98.900,0.000
scaffold579|size39459|pilon|pilon|pilon,,39467,0,39467,0.000,0.646,99.354,0.000
scaffold57|size389448|pilon|pilon|pilon,,389398,0,389398,0.000,0.061,99.939,0.000
scaffold580|size39268|pilon|pilon|pilon,,38254,1021,39275,2.600,4.919,92.481,0.000
scaffold581|size39264|pilon|pilon|pilon,,37209,2058,39267,5.241,8.888,85.871,0.000
scaffold582|size39239|pilon|pilon|pilon,,39487,0,39487,0.000,0.696,99.304,0.000
scaffold583|size39150|pilon|pilon|pilon,,34362,4807,39169,12.272,14.828,72.899,0.000
scaffold584|size39002|pilon|pilon|pilon,,38595,433,39028,1.109,2.665,96.226,0.000
scaffold585|size38752|pilon|pilon|pilon,,38772,11,38783,0.028,3.496,96.475,0.000
scaffold586|size38739|pilon|pilon|pilon,,38755,0,38755,0.000,0.000,100.000,0.000
scaffold587|size72345|pilon|pilon|pilon,,63280,9079,72359,12.547,5.774,81.679,0.000
scaffold588|size59584|pilon|pilon|pilon,,58890,711,59601,1.193,1.188,97.619,0.000
scaffold589|size38305|pilon|pilon|pilon,,38338,9,38347,0.023,0.529,99.447,0.000
scaffold58|size611457|pilon|pilon|pilon,,605522,6144,611666,1.004,0.012,98.984,0.000
scaffold590|size38118|pilon|pilon|pilon,,38113,8,38121,0.021,1.600,98.379,0.000
scaffold591|size38087|pilon|pilon|pilon,,38093,8,38101,0.021,3.412,96.567,0.000
scaffold592|size38035|pilon|pilon|pilon,,38045,0,38045,0.000,0.996,99.004,0.000
scaffold593|size78451|pilon|pilon|pilon,,75758,2723,78481,3.470,0.014,96.516,0.000
scaffold594|size37532|pilon|pilon|pilon,,37557,1,37558,0.003,1.150,98.847,0.000
scaffold595|size37099|pilon|pilon|pilon,,36772,342,37114,0.921,5.101,93.978,0.000
scaffold596|size37061|pilon|pilon|pilon,,35885,1181,37066,3.186,2.509,94.305,0.000
scaffold597|size36959|pilon|pilon|pilon,,36848,0,36848,0.000,0.000,100.000,0.000
scaffold598|size36777|pilon|pilon|pilon,,36781,0,36781,0.000,0.000,100.000,0.000
scaffold599|size36599|pilon|pilon|pilon,,36634,0,36634,0.000,0.000,100.000,0.000
scaffold59|size346943|pilon|pilon|pilon,,343375,3667,347042,1.057,0.227,98.716,0.000
scaffold5|size993226|pilon|pilon|pilon,,982743,10287,993030,0.773,0.413,98.551,0.263
scaffold600|size36593|pilon|pilon|pilon,,36606,0,36606,0.000,0.025,99.975,0.000
scaffold601|size36509|pilon|pilon|pilon,,34529,1983,36512,5.431,10.575,83.994,0.000
scaffold602|size36471|pilon|pilon|pilon,,36318,0,36318,0.000,0.044,99.956,0.000
scaffold603|size72853|pilon|pilon|pilon,,68851,4073,72924,5.585,7.720,86.694,0.000
scaffold604|size36293|pilon|pilon|pilon,,36294,0,36294,0.000,0.587,99.413,0.000
scaffold605|size70230|pilon|pilon|pilon,,66760,3475,70235,3.115,0.562,94.490,1.832
scaffold606|size36058|pilon|pilon|pilon,,36085,0,36085,0.000,2.209,97.791,0.000
scaffold607|size35997|pilon|pilon|pilon,,35487,512,35999,1.422,3.842,94.736,0.000
scaffold608|size35973|pilon|pilon|pilon,,30677,5298,35975,14.727,5.204,80.069,0.000
scaffold609|size35919|pilon|pilon|pilon,,35941,5,35946,0.014,0.709,99.277,0.000
scaffold60|size321090|pilon|pilon|pilon,,319363,1801,321164,0.427,0.375,99.064,0.134
scaffold610|size35823|pilon|pilon|pilon,,35831,0,35831,0.000,0.081,99.919,0.000
scaffold611|size35796|pilon|pilon|pilon,,35792,84,35876,0.234,7.607,92.159,0.000
scaffold612|size35717|pilon|pilon|pilon,,35620,6,35626,0.017,1.858,98.125,0.000
scaffold613|size67804|pilon|pilon|pilon,,67011,837,67848,1.234,0.018,98.749,0.000
scaffold614|size35487|pilon|pilon|pilon,,34423,1069,35492,3.012,4.424,92.565,0.000
scaffold615|size35429|pilon|pilon|pilon,,35447,3,35450,0.008,0.606,99.385,0.000
scaffold616|size35287|pilon|pilon|pilon,,33463,1830,35293,5.185,7.078,87.737,0.000
scaffold617|size35224|pilon|pilon|pilon,,35237,5,35242,0.014,4.764,95.222,0.000
scaffold618|size68569|pilon|pilon|pilon,,68578,3,68581,0.004,0.822,99.173,0.000
scaffold619|size35093|pilon|pilon|pilon,,34737,376,35113,1.071,6.958,91.972,0.000
scaffold61|size321053|pilon|pilon|pilon,,304845,16491,321336,0.015,0.660,94.208,5.117
scaffold620|size34983|pilon|pilon|pilon,,34313,694,35007,1.982,1.811,96.206,0.000
scaffold621|size34919|pilon|pilon|pilon,,34137,784,34921,2.245,6.847,90.908,0.000
scaffold622|size34903|pilon|pilon|pilon,,34865,69,34934,0.198,3.750,96.053,0.000
scaffold623|size34890|pilon|pilon|pilon,,34898,0,34898,0.000,0.123,99.877,0.000
scaffold624|size34758|pilon|pilon|pilon,,34769,0,34769,0.000,0.000,100.000,0.000
scaffold625|size34346|pilon|pilon|pilon,,34449,0,34449,0.000,1.530,98.470,0.000
scaffold626|size34278|pilon|pilon|pilon,,34282,0,34282,0.000,0.986,99.014,0.000
scaffold627|size34177|pilon|pilon|pilon,,34200,2,34202,0.006,0.576,99.418,0.000
scaffold628|size34081|pilon|pilon|pilon,,33823,258,34081,0.757,4.821,94.422,0.000
scaffold629|size33883|pilon|pilon|pilon,,33957,0,33957,0.000,2.135,97.865,0.000
scaffold62|size471444|pilon|pilon|pilon,,470937,617,471554,0.131,0.431,99.438,0.000
scaffold630|size33654|pilon|pilon|pilon,,33724,2,33726,0.006,0.747,99.247,0.000
scaffold631|size33579|pilon|pilon|pilon,,33010,579,33589,1.724,3.257,95.019,0.000
scaffold632|size33577|pilon|pilon|pilon,,32750,976,33726,2.894,12.951,84.155,0.000
scaffold633|size33529|pilon|pilon|pilon,,33529,0,33529,0.000,0.000,100.000,0.000
scaffold634|size33526|pilon|pilon|pilon,,33543,2,33545,0.006,1.383,98.611,0.000
scaffold635|size33338|pilon|pilon|pilon,,33344,1,33345,0.003,1.257,98.740,0.000
scaffold636|size33328|pilon|pilon|pilon,,32985,354,33339,1.062,7.727,91.211,0.000
scaffold637|size33264|pilon|pilon|pilon,,33177,135,33312,0.405,1.219,98.376,0.000
scaffold638|size33145|pilon|pilon|pilon,,33167,0,33167,0.000,0.422,99.578,0.000
scaffold639|size33143|pilon|pilon|pilon,,32912,248,33160,0.748,18.356,80.896,0.000
scaffold63|size346564|pilon|pilon|pilon,,345687,987,346674,0.001,0.284,99.432,0.284
scaffold640|size33111|pilon|pilon|pilon,,33009,105,33114,0.317,2.751,96.932,0.000
scaffold641|size32755|pilon|pilon|pilon,,32762,0,32762,0.000,0.720,99.280,0.000
scaffold642|size32717|pilon|pilon|pilon,,25999,6721,32720,0.015,4.490,74.969,20.526
scaffold643|size32665|pilon|pilon|pilon,,32389,284,32673,0.869,4.123,95.008,0.000
scaffold644|size32606|pilon|pilon|pilon,,32609,5,32614,0.015,2.315,97.670,0.000
scaffold645|size32551|pilon|pilon|pilon,,32620,3,32623,0.009,4.282,95.709,0.000
scaffold646|size32440|pilon|pilon|pilon,,32453,13,32466,0.040,10.392,89.568,0.000
scaffold647|size32403|pilon|pilon|pilon,,32405,13,32418,0.040,4.353,95.607,0.000
scaffold648|size32396|pilon|pilon|pilon,,28191,4214,32405,0.000,1.302,85.694,13.004
scaffold649|size32357|pilon|pilon|pilon,,32118,239,32357,0.739,12.690,86.572,0.000
scaffold64|size328606|pilon|pilon|pilon,,320077,8414,328491,0.899,0.703,96.736,1.662
scaffold650|size32355|pilon|pilon|pilon,,32332,27,32359,0.083,1.171,98.745,0.000
scaffold651|size32339|pilon|pilon|pilon,,32342,0,32342,0.000,0.000,100.000,0.000
scaffold652|size32335|pilon|pilon|pilon,,32350,1,32351,0.003,0.269,99.728,0.000
scaffold653|size32194|pilon|pilon|pilon,,32233,0,32233,0.000,0.084,99.916,0.000
scaffold654|size32128|pilon|pilon|pilon,,32143,5,32148,0.016,1.235,98.750,0.000
scaffold655|size50339|pilon|pilon|pilon,,50438,0,50438,0.000,0.030,99.970,0.000
scaffold656|size32092|pilon|pilon|pilon,,32120,6,32126,0.019,5.276,94.705,0.000
scaffold657|size32065|pilon|pilon|pilon,,27393,4682,32075,14.597,5.665,79.738,0.000
scaffold658|size32037|pilon|pilon|pilon,,32282,0,32282,0.000,0.186,99.814,0.000
scaffold659|size31984|pilon|pilon|pilon,,31966,20,31986,0.063,4.852,95.085,0.000
scaffold65|size329611|pilon|pilon|pilon,,329711,534,330245,0.012,0.545,99.294,0.150
scaffold660|size31975|pilon|pilon|pilon,,31982,0,31982,0.000,0.875,99.125,0.000
scaffold661|size31961|pilon|pilon|pilon,,31964,0,31964,0.000,0.429,99.571,0.000
scaffold662|size31941|pilon|pilon|pilon,,31951,0,31951,0.000,0.000,100.000,0.000
scaffold663|size31939|pilon|pilon|pilon,,31946,0,31946,0.000,0.250,99.750,0.000
scaffold664|size31751|pilon|pilon|pilon,,31766,0,31766,0.000,0.790,99.210,0.000
scaffold665|size31701|pilon|pilon|pilon,,31043,685,31728,2.159,3.965,93.876,0.000
scaffold666|size31696|pilon|pilon|pilon,,31724,0,31724,0.000,0.000,100.000,0.000
scaffold667|size31572|pilon|pilon|pilon,,31327,248,31575,0.785,9.729,89.485,0.000
scaffold668|size31556|pilon|pilon|pilon,,31610,11,31621,0.035,1.850,98.115,0.000
scaffold669|size31527|pilon|pilon|pilon,,29684,1895,31579,6.001,9.912,84.088,0.000
scaffold66|size392583|pilon|pilon|pilon,,392259,392,392651,0.100,0.950,98.950,0.000
scaffold670|size31437|pilon|pilon|pilon,,31353,95,31448,0.302,9.527,90.171,0.000
scaffold671|size31330|pilon|pilon|pilon,,31337,0,31337,0.000,0.013,99.987,0.000
scaffold672|size31299|pilon|pilon|pilon,,30286,1021,31307,3.261,7.110,89.629,0.000
scaffold673|size31246|pilon|pilon|pilon,,30816,443,31259,1.417,4.136,94.446,0.000
scaffold674|size31244|pilon|pilon|pilon,,31273,0,31273,0.000,1.071,98.929,0.000
scaffold675|size31208|pilon|pilon|pilon,,31214,21,31235,0.067,5.078,94.855,0.000
scaffold676|size31185|pilon|pilon|pilon,,31126,69,31195,0.221,7.639,92.140,0.000
scaffold677|size31137|pilon|pilon|pilon,,30299,853,31152,2.738,4.401,92.861,0.000
scaffold678|size31085|pilon|pilon|pilon,,29679,1048,30727,3.411,1.543,95.047,0.000
scaffold679|size30838|pilon|pilon|pilon,,30456,409,30865,1.325,2.738,95.937,0.000
scaffold67|size535948|pilon|pilon|pilon,,533966,2135,536101,0.398,0.031,99.570,0.000
scaffold680|size52206|pilon|pilon|pilon,,52252,0,52252,0.000,1.652,98.348,0.000
scaffold681|size30811|pilon|pilon|pilon,,30815,10,30825,0.032,3.526,96.441,0.000
scaffold682|size30777|pilon|pilon|pilon,,30776,6,30782,0.019,2.300,97.680,0.000
scaffold683|size30601|pilon|pilon|pilon,,30262,340,30602,1.111,8.996,89.893,0.000
scaffold684|size30557|pilon|pilon|pilon,,30218,347,30565,1.135,3.429,95.436,0.000
scaffold685|size30533|pilon|pilon|pilon,,30586,15,30601,0.049,1.742,98.209,0.000
scaffold686|size30468|pilon|pilon|pilon,,29276,1192,30468,3.912,0.266,95.822,0.000
scaffold687|size30416|pilon|pilon|pilon,,30412,32,30444,0.105,1.432,98.463,0.000
scaffold688|size30406|pilon|pilon|pilon,,30219,196,30415,0.644,0.621,98.734,0.000
scaffold689|size30329|pilon|pilon|pilon,,28402,1944,30346,6.406,9.290,84.304,0.000
scaffold68|size295929|pilon|pilon|pilon,,290662,5292,295954,0.797,0.204,98.008,0.991
scaffold690|size30310|pilon|pilon|pilon,,30310,4,30314,0.013,0.310,99.677,0.000
scaffold691|size30279|pilon|pilon|pilon,,29793,491,30284,1.621,5.032,93.346,0.000
scaffold692|size51232|pilon|pilon|pilon,,51259,0,51259,0.000,0.000,100.000,0.000
scaffold693|size30254|pilon|pilon|pilon,,29770,527,30297,1.739,6.869,91.392,0.000
scaffold694|size30228|pilon|pilon|pilon,,30257,0,30257,0.000,0.109,99.891,0.000
scaffold695|size30135|pilon|pilon|pilon,,30146,0,30146,0.000,3.868,96.132,0.000
scaffold696|size30048|pilon|pilon|pilon,,30050,0,30050,0.000,0.033,99.967,0.000
scaffold697|size29946|pilon|pilon|pilon,,29952,5,29957,0.017,2.931,97.052,0.000
scaffold698|size29895|pilon|pilon|pilon,,29910,5,29915,0.017,1.371,98.613,0.000
scaffold699|size29895|pilon|pilon|pilon,,29913,0,29913,0.000,0.030,99.970,0.000
scaffold69|size328952|pilon|pilon|pilon,,322944,6047,328991,1.683,0.005,98.156,0.155
scaffold6|size898622|pilon|pilon|pilon,,873511,24071,897582,0.506,0.188,97.131,2.176
scaffold700|size61070|pilon|pilon|pilon,,54274,6817,61091,11.159,3.122,85.720,0.000
scaffold701|size29733|pilon|pilon|pilon,,29745,0,29745,0.000,0.329,99.671,0.000
scaffold702|size29683|pilon|pilon|pilon,,29636,54,29690,0.182,3.988,95.830,0.000
scaffold703|size29609|pilon|pilon|pilon,,29612,3,29615,0.010,0.993,98.997,0.000
scaffold704|size29498|pilon|pilon|pilon,,29218,279,29497,0.946,11.659,87.395,0.000
scaffold705|size29324|pilon|pilon|pilon,,28341,988,29329,3.369,16.697,79.935,0.000
scaffold706|size29305|pilon|pilon|pilon,,29309,0,29309,0.000,6.271,93.729,0.000
scaffold707|size29196|pilon|pilon|pilon,,29074,124,29198,0.425,1.099,98.476,0.000
scaffold708|size29119|pilon|pilon|pilon,,29027,111,29138,0.381,18.110,81.509,0.000
scaffold709|size29105|pilon|pilon|pilon,,29121,0,29121,0.000,0.546,99.454,0.000
scaffold70|size292930|pilon|pilon|pilon,,280356,11871,292227,0.000,0.016,95.921,4.062
scaffold710|size29081|pilon|pilon|pilon,,29081,0,29081,0.000,2.287,97.713,0.000
scaffold711|size29074|pilon|pilon|pilon,,29091,1,29092,0.003,1.870,98.127,0.000
scaffold712|size29001|pilon|pilon|pilon,,28766,239,29005,0.824,2.331,96.845,0.000
scaffold713|size28992|pilon|pilon|pilon,,28328,667,28995,2.300,6.232,91.467,0.000
scaffold714|size28968|pilon|pilon|pilon,,28912,49,28961,0.169,3.612,96.219,0.000
scaffold715|size28924|pilon|pilon|pilon,,28918,6,28924,0.021,0.664,99.315,0.000
scaffold716|size28841|pilon|pilon|pilon,,27987,856,28843,2.968,3.301,93.732,0.000
scaffold717|size28839|pilon|pilon|pilon,,28849,2,28851,0.007,0.776,99.217,0.000
scaffold718|size28825|pilon|pilon|pilon,,27745,1082,28827,3.753,5.214,91.033,0.000
scaffold719|size28805|pilon|pilon|pilon,,28814,5,28819,0.017,0.267,99.715,0.000
scaffold71|size386875|pilon|pilon|pilon,,385778,1172,386950,0.292,0.018,99.679,0.011
scaffold720|size28761|pilon|pilon|pilon,,28542,240,28782,0.834,1.866,97.300,0.000
scaffold721|size28688|pilon|pilon|pilon,,28602,94,28696,0.328,10.075,89.598,0.000
scaffold722|size28662|pilon|pilon|pilon,,28667,0,28667,0.000,0.000,100.000,0.000
scaffold723|size56261|pilon|pilon|pilon,,52796,3506,56302,6.227,2.078,91.695,0.000
scaffold724|size28562|pilon|pilon|pilon,,27828,740,28568,2.590,6.644,90.766,0.000
scaffold725|size56250|pilon|pilon|pilon,,56181,105,56286,0.187,0.945,98.868,0.000
scaffold726|size28480|pilon|pilon|pilon,,28481,0,28481,0.000,0.018,99.982,0.000
scaffold727|size28326|pilon|pilon|pilon,,28335,0,28335,0.000,1.786,98.214,0.000
scaffold728|size28315|pilon|pilon|pilon,,27761,561,28322,1.981,8.806,89.213,0.000
scaffold729|size28263|pilon|pilon|pilon,,28274,0,28274,0.000,0.011,99.989,0.000
scaffold72|size319034|pilon|pilon|pilon,,319019,143,319162,0.045,0.491,99.464,0.000
scaffold730|size28213|pilon|pilon|pilon,,24593,3623,28216,12.840,13.928,73.231,0.000
scaffold731|size28155|pilon|pilon|pilon,,28095,60,28155,0.213,3.854,95.933,0.000
scaffold732|size28140|pilon|pilon|pilon,,28048,97,28145,0.345,11.139,88.517,0.000
scaffold733|size28125|pilon|pilon|pilon,,28136,1,28137,0.004,2.395,97.601,0.000
scaffold734|size28099|pilon|pilon|pilon,,28141,0,28141,0.000,0.036,99.964,0.000
scaffold735|size55114|pilon|pilon|pilon,,53978,1167,55145,2.116,5.072,92.812,0.000
scaffold736|size27910|pilon|pilon|pilon,,27916,1,27917,0.004,20.160,79.837,0.000
scaffold737|size27900|pilon|pilon|pilon,,27902,11,27913,0.039,7.065,92.896,0.000
scaffold738|size27789|pilon|pilon|pilon,,27673,117,27790,0.421,11.731,87.848,0.000
scaffold739|size27764|pilon|pilon|pilon,,27811,2,27813,0.007,1.359,98.634,0.000
scaffold73|size286855|pilon|pilon|pilon,,286767,126,286893,0.000,0.000,99.956,0.044
scaffold740|size27597|pilon|pilon|pilon,,27598,0,27598,0.000,0.279,99.721,0.000
scaffold741|size27455|pilon|pilon|pilon,,27073,388,27461,1.413,8.769,89.818,0.000
scaffold742|size27446|pilon|pilon|pilon,,20066,7612,27678,0.390,6.778,65.720,27.112
scaffold743|size27441|pilon|pilon|pilon,,27439,3,27442,0.011,4.774,95.215,0.000
scaffold744|size27431|pilon|pilon|pilon,,27273,170,27443,0.619,9.594,89.786,0.000
scaffold745|size27324|pilon|pilon|pilon,,26852,563,27415,2.054,2.929,95.017,0.000
scaffold746|size46214|pilon|pilon|pilon,,45742,498,46240,1.077,1.726,97.197,0.000
scaffold747|size27210|pilon|pilon|pilon,,27210,0,27210,0.000,0.000,100.000,0.000
scaffold748|size27201|pilon|pilon|pilon,,27236,1,27237,0.004,0.580,99.416,0.000
scaffold749|size27160|pilon|pilon|pilon,,27121,40,27161,0.147,5.018,94.835,0.000
scaffold74|size283303|pilon|pilon|pilon,,276619,6831,283450,0.000,0.002,97.588,2.410
scaffold750|size27144|pilon|pilon|pilon,,27151,0,27151,0.000,0.000,100.000,0.000
scaffold751|size27138|pilon|pilon|pilon,,27059,84,27143,0.309,11.845,87.846,0.000
scaffold752|size27121|pilon|pilon|pilon,s,19362,6446,25808,16.228,26.372,48.652,8.749
scaffold753|size27085|pilon|pilon|pilon,,27110,0,27110,0.000,1.125,98.875,0.000
scaffold754|size27077|pilon|pilon|pilon,,23562,3519,27081,12.994,9.797,77.209,0.000
scaffold755|size27055|pilon|pilon|pilon,,27063,0,27063,0.000,0.525,99.475,0.000
scaffold756|size27035|pilon|pilon|pilon,,27048,0,27048,0.000,0.018,99.982,0.000
scaffold757|size26971|pilon|pilon|pilon,,26978,0,26978,0.000,0.026,99.974,0.000
scaffold758|size26902|pilon|pilon|pilon,,26905,23,26928,0.085,4.052,95.863,0.000
scaffold759|size26809|pilon|pilon|pilon,,26832,2,26834,0.007,7.703,92.290,0.000
scaffold75|size598441|pilon|pilon|pilon,,597879,711,598590,0.119,0.109,99.772,0.000
scaffold760|size26791|pilon|pilon|pilon,,26808,0,26808,0.000,0.380,99.620,0.000
scaffold761|size26772|pilon|pilon|pilon,,26570,217,26787,0.810,3.655,95.535,0.000
scaffold762|size26769|pilon|pilon|pilon,,26780,0,26780,0.000,0.418,99.582,0.000
scaffold763|size26600|pilon|pilon|pilon,,26605,0,26605,0.000,0.000,100.000,0.000
scaffold764|size26591|pilon|pilon|pilon,,26609,0,26609,0.000,0.034,99.966,0.000
scaffold765|size26571|pilon|pilon|pilon,,26541,32,26573,0.120,5.536,94.344,0.000
scaffold766|size26529|pilon|pilon|pilon,,26530,0,26530,0.000,0.000,100.000,0.000
scaffold767|size26290|pilon|pilon|pilon,,16283,10007,26290,0.114,1.537,60.399,37.950
scaffold768|size26272|pilon|pilon|pilon,,26271,5,26276,0.019,1.397,98.584,0.000
scaffold769|size26271|pilon|pilon|pilon,,26510,96,26606,0.361,5.570,94.069,0.000
scaffold76|size560071|pilon|pilon|pilon,,559350,1543,560893,0.275,0.012,99.712,0.000
scaffold770|size26191|pilon|pilon|pilon,,26165,29,26194,0.111,9.201,90.689,0.000
scaffold771|size26190|pilon|pilon|pilon,,26199,0,26199,0.000,0.008,99.992,0.000
scaffold772|size26189|pilon|pilon|pilon,,26176,16,26192,0.061,0.573,99.366,0.000
scaffold773|size26143|pilon|pilon|pilon,,26056,106,26162,0.405,7.538,92.057,0.000
scaffold774|size26126|pilon|pilon|pilon,,26094,77,26171,0.294,2.828,96.878,0.000
scaffold775|size26089|pilon|pilon|pilon,,26089,0,26089,0.000,0.134,99.866,0.000
scaffold776|size26047|pilon|pilon|pilon,,25691,362,26053,1.389,4.088,94.523,0.000
scaffold777|size25984|pilon|pilon|pilon,,25478,56,25534,0.219,3.533,96.248,0.000
scaffold778|size25956|pilon|pilon|pilon,,23538,2431,25969,9.361,1.517,89.122,0.000
scaffold779|size25955|pilon|pilon|pilon,,25996,9,26005,0.035,3.519,96.447,0.000
scaffold77|size331960|pilon|pilon|pilon,,331984,4,331988,0.001,0.230,99.769,0.000
scaffold780|size25949|pilon|pilon|pilon,,25971,0,25971,0.000,0.385,99.615,0.000
scaffold781|size25907|pilon|pilon|pilon,,25758,151,25909,0.583,6.816,92.601,0.000
scaffold782|size25903|pilon|pilon|pilon,,25908,0,25908,0.000,0.004,99.996,0.000
scaffold783|size25900|pilon|pilon|pilon,,25855,15,25870,0.058,19.223,80.719,0.000
scaffold784|size25854|pilon|pilon|pilon,,24920,897,25817,2.622,10.001,86.524,0.852
scaffold785|size25783|pilon|pilon|pilon,,22218,3672,25890,0.139,0.954,84.863,14.044
scaffold786|size25752|pilon|pilon|pilon,,25785,6,25791,0.023,9.748,90.229,0.000
scaffold787|size25653|pilon|pilon|pilon,,25313,370,25683,1.441,2.901,95.659,0.000
scaffold788|size25604|pilon|pilon|pilon,,24866,747,25613,2.916,2.995,94.089,0.000
scaffold789|size25560|pilon|pilon|pilon,,24429,1132,25561,4.429,4.037,91.534,0.000
scaffold78|size276835|pilon|pilon|pilon,,274294,2611,276905,0.943,0.707,98.350,0.000
scaffold790|size25559|pilon|pilon|pilon,,22060,3492,25552,13.666,17.001,69.333,0.000
scaffold791|size25225|pilon|pilon|pilon,,25221,11,25232,0.044,1.130,98.827,0.000
scaffold792|size25124|pilon|pilon|pilon,,25121,7,25128,0.028,2.344,97.628,0.000
scaffold793|size25080|pilon|pilon|pilon,,25086,0,25086,0.000,0.311,99.689,0.000
scaffold794|size25045|pilon|pilon|pilon,,24970,97,25067,0.387,18.798,80.815,0.000
scaffold795|size25033|pilon|pilon|pilon,,25104,0,25104,0.000,2.394,97.606,0.000
scaffold796|size25018|pilon|pilon|pilon,,24657,373,25030,1.490,8.158,90.352,0.000
scaffold797|size24980|pilon|pilon|pilon,,24438,562,25000,2.248,2.788,94.964,0.000
scaffold798|size24970|pilon|pilon|pilon,,23642,1338,24980,5.356,10.156,84.488,0.000
scaffold799|size24897|pilon|pilon|pilon,,24894,15,24909,0.060,0.177,99.763,0.000
scaffold79|size513152|pilon|pilon|pilon,,508750,3973,512723,0.119,0.668,98.557,0.656
scaffold7|size716681|pilon|pilon|pilon,,716926,0,716926,0.000,0.000,100.000,0.000
scaffold800|size24777|pilon|pilon|pilon,,24795,0,24795,0.000,1.218,98.782,0.000
scaffold801|size24755|pilon|pilon|pilon,,24757,3,24760,0.012,4.087,95.901,0.000
scaffold802|size24645|pilon|pilon|pilon,,24702,51,24753,0.206,17.234,82.560,0.000
scaffold803|size24525|pilon|pilon|pilon,,24324,223,24547,0.908,2.770,96.321,0.000
scaffold804|size24495|pilon|pilon|pilon,,24522,1,24523,0.004,0.192,99.804,0.000
scaffold805|size24400|pilon|pilon|pilon,,24339,83,24422,0.340,3.284,96.376,0.000
scaffold806|size24370|pilon|pilon|pilon,,23825,546,24371,2.240,9.540,88.220,0.000
scaffold807|size24352|pilon|pilon|pilon,,24356,0,24356,0.000,0.308,99.692,0.000
scaffold808|size24315|pilon|pilon|pilon,,24318,3,24321,0.012,4.194,95.794,0.000
scaffold809|size24253|pilon|pilon|pilon,,20755,3506,24261,14.451,9.155,76.394,0.000
scaffold80|size271848|pilon|pilon|pilon,,260051,11969,272020,0.000,0.000,95.600,4.400
scaffold810|size24098|pilon|pilon|pilon,,23348,752,24100,3.120,4.295,92.585,0.000
scaffold811|size24078|pilon|pilon|pilon,,24054,105,24159,0.435,2.409,97.156,0.000
scaffold812|size24045|pilon|pilon|pilon,,22298,1751,24049,7.281,9.285,83.434,0.000
scaffold813|size24006|pilon|pilon|pilon,,20044,3986,24030,16.588,14.153,69.259,0.000
scaffold814|size23993|pilon|pilon|pilon,,24011,0,24011,0.000,0.092,99.908,0.000
scaffold815|size23941|pilon|pilon|pilon,,22664,1278,23942,5.338,1.612,93.050,0.000
scaffold816|size23887|pilon|pilon|pilon,,23897,7,23904,0.029,11.651,88.320,0.000
scaffold817|size23820|pilon|pilon|pilon,,23802,27,23829,0.113,5.275,94.612,0.000
scaffold818|size23565|pilon|pilon|pilon,,23433,143,23576,0.607,1.921,97.472,0.000
scaffold819|size23493|pilon|pilon|pilon,,23517,0,23517,0.000,0.013,99.987,0.000
scaffold81|size292138|pilon|pilon|pilon,,278549,7093,285642,0.063,0.600,96.916,2.420
scaffold820|size23490|pilon|pilon|pilon,,23509,0,23509,0.000,0.034,99.966,0.000
scaffold821|size23465|pilon|pilon|pilon,,22816,691,23507,2.940,14.936,82.124,0.000
scaffold822|size23440|pilon|pilon|pilon,,23432,20,23452,0.085,7.262,92.653,0.000
scaffold823|size23317|pilon|pilon|pilon,,23264,58,23322,0.249,10.745,89.006,0.000
scaffold824|size23286|pilon|pilon|pilon,,23295,1,23296,0.004,2.279,97.716,0.000
scaffold825|size23069|pilon|pilon|pilon,,22997,93,23090,0.403,13.395,86.202,0.000
scaffold826|size23033|pilon|pilon|pilon,,22989,56,23045,0.243,16.259,83.498,0.000
scaffold827|size22959|pilon|pilon|pilon,,22970,0,22970,0.000,0.000,100.000,0.000
scaffold828|size22933|pilon|pilon|pilon,,22956,0,22956,0.000,0.022,99.978,0.000
scaffold829|size22803|pilon|pilon|pilon,,21241,1565,22806,6.862,9.695,83.443,0.000
scaffold82|size269437|pilon|pilon|pilon,,267784,1694,269478,0.629,1.632,97.739,0.000
scaffold830|size53537|pilon|pilon|pilon,,44870,8672,53542,16.197,2.006,81.797,0.000
scaffold831|size22672|pilon|pilon|pilon,,22676,2,22678,0.009,0.860,99.131,0.000
scaffold832|size22600|pilon|pilon|pilon,,21620,389,22009,1.767,5.534,92.698,0.000
scaffold833|size22553|pilon|pilon|pilon,,17200,5359,22559,23.755,9.340,66.905,0.000
scaffold834|size22527|pilon|pilon|pilon,,22525,0,22525,0.000,6.642,93.358,0.000
scaffold835|size22516|pilon|pilon|pilon,,21783,737,22520,3.273,2.087,94.640,0.000
scaffold836|size22476|pilon|pilon|pilon,,21106,1385,22491,6.158,8.515,85.327,0.000
scaffold837|size22406|pilon|pilon|pilon,,22477,1,22478,0.004,2.433,97.562,0.000
scaffold838|size22404|pilon|pilon|pilon,,22404,0,22404,0.000,8.159,91.841,0.000
scaffold839|size22366|pilon|pilon|pilon,,22372,23,22395,0.103,1.826,98.071,0.000
scaffold83|size269412|pilon|pilon|pilon,,269309,166,269475,0.062,0.401,99.537,0.000
scaffold840|size22314|pilon|pilon|pilon,,22148,169,22317,0.757,4.284,94.959,0.000
scaffold841|size22289|pilon|pilon|pilon,,22299,0,22299,0.000,0.274,99.726,0.000
scaffold842|size22267|pilon|pilon|pilon,,22283,1,22284,0.004,2.890,97.106,0.000
scaffold843|size22228|pilon|pilon|pilon,,22234,1,22235,0.004,5.370,94.626,0.000
scaffold844|size22090|pilon|pilon|pilon,,22107,1,22108,0.005,0.959,99.037,0.000
scaffold845|size21993|pilon|pilon|pilon,,21903,114,22017,0.518,2.098,97.384,0.000
scaffold846|size21991|pilon|pilon|pilon,,21999,0,21999,0.000,3.177,96.823,0.000
scaffold847|size21759|pilon|pilon|pilon,,21839,0,21839,0.000,0.046,99.954,0.000
scaffold848|size21736|pilon|pilon|pilon,,18772,2971,21743,13.664,4.829,81.507,0.000
scaffold849|size21692|pilon|pilon|pilon,,21733,0,21733,0.000,0.391,99.609,0.000
scaffold84|size267316|pilon|pilon|pilon,,267006,229,267235,0.086,0.408,99.507,0.000
scaffold850|size21625|pilon|pilon|pilon,,21521,107,21628,0.495,11.665,87.840,0.000
scaffold851|size21616|pilon|pilon|pilon,,20252,1367,21619,6.323,5.070,88.607,0.000
scaffold852|size21588|pilon|pilon|pilon,,21220,371,21591,1.718,11.560,86.721,0.000
scaffold853|size21564|pilon|pilon|pilon,,19495,2021,21516,9.393,6.637,83.970,0.000
scaffold854|size21509|pilon|pilon|pilon,,21555,10,21565,0.046,6.868,93.086,0.000
scaffold855|size21417|pilon|pilon|pilon,,20815,624,21439,2.911,4.147,92.943,0.000
scaffold856|size21298|pilon|pilon|pilon,,20780,526,21306,2.469,4.647,92.885,0.000
scaffold857|size21232|pilon|pilon|pilon,,21235,0,21235,0.000,0.250,99.750,0.000
scaffold858|size21145|pilon|pilon|pilon,,14721,6432,21153,30.407,11.838,57.755,0.000
scaffold859|size21144|pilon|pilon|pilon,,15769,4622,20391,22.667,16.610,60.723,0.000
scaffold85|size326657|pilon|pilon|pilon,,326652,195,326847,0.060,0.211,99.730,0.000
scaffold860|size21142|pilon|pilon|pilon,,21216,0,21216,0.000,0.005,99.995,0.000
scaffold861|size21140|pilon|pilon|pilon,,21189,0,21189,0.000,2.978,97.022,0.000
scaffold862|size21080|pilon|pilon|pilon,,21095,2,21097,0.009,3.948,96.042,0.000
scaffold863|size21038|pilon|pilon|pilon,,21035,12,21047,0.057,2.328,97.615,0.000
scaffold864|size21011|pilon|pilon|pilon,,21095,0,21095,0.000,0.000,100.000,0.000
scaffold865|size20899|pilon|pilon|pilon,,20865,69,20934,0.330,13.504,86.166,0.000
scaffold866|size20797|pilon|pilon|pilon,,20533,282,20815,1.355,2.993,95.652,0.000
scaffold867|size20780|pilon|pilon|pilon,,20731,63,20794,0.303,6.983,92.714,0.000
scaffold868|size20744|pilon|pilon|pilon,,20403,350,20753,1.687,22.999,75.314,0.000
scaffold869|size20626|pilon|pilon|pilon,,20637,0,20637,0.000,0.000,100.000,0.000
scaffold86|size574225|pilon|pilon|pilon,,568966,5304,574270,0.612,0.236,98.841,0.311
scaffold870|size20429|pilon|pilon|pilon,,20440,1,20441,0.005,0.450,99.545,0.000
scaffold871|size20219|pilon|pilon|pilon,,12952,7277,20229,0.035,1.340,62.687,35.939
scaffold872|size20208|pilon|pilon|pilon,,14924,5302,20226,26.214,9.611,64.175,0.000
scaffold873|size19978|pilon|pilon|pilon,,18777,1224,20001,6.120,8.040,85.841,0.000
scaffold874|size19959|pilon|pilon|pilon,,19953,11,19964,0.055,7.524,92.421,0.000
scaffold875|size19647|pilon|pilon|pilon,,19660,0,19660,0.000,1.328,98.672,0.000
scaffold876|size19466|pilon|pilon|pilon,,17363,1901,19264,9.868,10.699,79.433,0.000
scaffold877|size19057|pilon|pilon|pilon,,16660,2411,19071,12.642,7.420,79.938,0.000
scaffold878|size18534|pilon|pilon|pilon,,18555,0,18555,0.000,0.000,100.000,0.000
scaffold879|size17900|pilon|pilon|pilon,,17857,43,17900,0.240,3.961,95.799,0.000
scaffold87|size292118|pilon|pilon|pilon,,292035,40,292075,0.000,0.061,99.925,0.014
scaffold880|size17414|pilon|pilon|pilon,,15421,2002,17423,11.491,9.952,78.557,0.000
scaffold881|size16866|pilon|pilon|pilon,s,10834,6032,16866,35.764,48.885,15.350,0.000
scaffold882|size15017|pilon|pilon|pilon,s,10866,4156,15022,27.666,36.060,36.273,0.000
scaffold883|size13991|pilon|pilon|pilon,s,0,13991,13991,100.000,0.000,0.000,0.000
scaffold884|size13475|pilon|pilon|pilon,s,9756,3719,13475,27.599,69.195,3.206,0.000
scaffold885|size10847|pilon|pilon|pilon,s,2737,8112,10849,74.772,25.228,0.000,0.000
scaffold886|size9035|pilon|pilon|pilon,s,344,8691,9035,96.193,3.807,0.000,0.000
scaffold88|size255586|pilon|pilon|pilon,,255282,0,255282,0.000,0.003,99.997,0.000
scaffold89|size332994|pilon|pilon|pilon,,329631,3408,333039,0.726,0.646,98.330,0.297
scaffold8|size659001|pilon|pilon|pilon,,646903,12071,658974,0.423,0.199,97.969,1.409
scaffold90|size341427|pilon|pilon|pilon,,338639,2844,341483,0.833,0.396,98.771,0.000
scaffold91|size245868|pilon|pilon|pilon,,246071,0,246071,0.000,0.015,99.985,0.000
scaffold92|size245668|pilon|pilon|pilon,,245704,0,245704,0.000,0.000,100.000,0.000
scaffold93|size399925|pilon|pilon|pilon,,397044,2931,399975,0.733,0.583,98.684,0.000
scaffold94|size243238|pilon|pilon|pilon,,242482,502,242984,0.207,0.458,99.335,0.000
scaffold95|size243133|pilon|pilon|pilon,,239893,3282,243175,1.350,1.196,97.455,0.000
scaffold96|size240886|pilon|pilon|pilon,,240679,358,241037,0.149,0.845,99.007,0.000
scaffold97|size238428|pilon|pilon|pilon,,238469,1,238470,0.000,0.337,99.663,0.000
scaffold98|size238000|pilon|pilon|pilon,,234282,3821,238103,0.609,0.113,98.283,0.996
scaffold99|size236706|pilon|pilon|pilon,,234535,1057,235592,0.449,0.342,99.209,0.000
scaffold9|size1052964|pilon|pilon|pilon,,1045632,7002,1052634,0.350,0.174,99.161,0.315
